time.drive,time.bicycle,time.walk,time.transit,weighted.gini,MEM
10,10,10,10,0.422409783,0.577590217
10,10,10,20,0.439946327,0.560053673
10,10,10,30,0.434535723,0.565464277
10,10,10,40,0.426368091,0.573631909
10,10,10,50,0.384858756,0.615141244
10,10,10,60,0.341368085,0.658631915
10,10,20,10,0.429046792,0.570953208
10,10,20,20,0.443642742,0.556357258
10,10,20,30,0.435616669,0.564383331
10,10,20,40,0.428260547,0.571739453
10,10,20,50,0.387754736,0.612245264
10,10,20,60,0.345204239,0.654795761
10,10,30,10,0.429821601,0.570178399
10,10,30,20,0.441867731,0.558132269
10,10,30,30,0.433543904,0.566456096
10,10,30,40,0.427199919,0.572800081
10,10,30,50,0.38950165,0.61049835
10,10,30,60,0.348109088,0.651890912
10,10,40,10,0.422322198,0.577677802
10,10,40,20,0.432625306,0.567374694
10,10,40,30,0.426837678,0.573162322
10,10,40,40,0.422626804,0.577373196
10,10,40,50,0.388349469,0.611650531
10,10,40,60,0.349251776,0.650748224
10,10,50,10,0.409365531,0.590634469
10,10,50,20,0.418923247,0.581076753
10,10,50,30,0.415160546,0.584839454
10,10,50,40,0.413228843,0.586771157
10,10,50,50,0.383555053,0.616444947
10,10,50,60,0.346960917,0.653039083
10,10,60,10,0.387834314,0.612165686
10,10,60,20,0.396915615,0.603084385
10,10,60,30,0.394256981,0.605743019
10,10,60,40,0.395388609,0.604611391
10,10,60,50,0.371625289,0.628374711
10,10,60,60,0.339468093,0.660531907
10,20,10,10,0.298322582,0.701677418
10,20,10,20,0.31131823,0.68868177
10,20,10,30,0.317126829,0.682873171
10,20,10,40,0.328480955,0.671519045
10,20,10,50,0.316765748,0.683234252
10,20,10,60,0.294973137,0.705026863
10,20,20,10,0.306819444,0.693180556
10,20,20,20,0.318764535,0.681235465
10,20,20,30,0.323142795,0.676857205
10,20,20,40,0.333597269,0.666402731
10,20,20,50,0.321336114,0.678663886
10,20,20,60,0.299176019,0.700823981
10,20,30,10,0.315815315,0.684184685
10,20,30,20,0.32636939,0.67363061
10,20,30,30,0.32903473,0.67096527
10,20,30,40,0.338429975,0.661570025
10,20,30,50,0.326029408,0.673970592
10,20,30,60,0.303522205,0.696477795
10,20,40,10,0.321833947,0.678166053
10,20,40,20,0.330924549,0.669075451
10,20,40,30,0.333383883,0.666616117
10,20,40,40,0.341487233,0.658512767
10,20,40,50,0.329209764,0.670790236
10,20,40,60,0.307074465,0.692925535
10,20,50,10,0.325132648,0.674867352
10,20,50,20,0.333538088,0.666461912
10,20,50,30,0.335439442,0.664560558
10,20,50,40,0.342015062,0.657984938
10,20,50,50,0.330427344,0.669572656
10,20,50,60,0.309113308,0.690886692
10,20,60,10,0.322230931,0.677769069
10,20,60,20,0.329892549,0.670107451
10,20,60,30,0.331172427,0.668827573
10,20,60,40,0.337200047,0.662799953
10,20,60,50,0.326902982,0.673097018
10,20,60,60,0.307277843,0.692722157
10,30,10,10,0.195115481,0.804884519
10,30,10,20,0.206097893,0.793902107
10,30,10,30,0.216702552,0.783297448
10,30,10,40,0.235760859,0.764239141
10,30,10,50,0.238176549,0.761823451
10,30,10,60,0.23062931,0.76937069
10,30,20,10,0.203645011,0.796354989
10,30,20,20,0.214204775,0.785795225
10,30,20,30,0.223631106,0.776368894
10,30,20,40,0.241660356,0.758339644
10,30,20,50,0.243166009,0.756833991
10,30,20,60,0.234736224,0.765263776
10,30,30,10,0.214253561,0.785746439
10,30,30,20,0.223990765,0.776009235
10,30,30,30,0.231694295,0.768305705
10,30,30,40,0.248610434,0.751389566
10,30,30,50,0.249094769,0.750905231
10,30,30,60,0.239612548,0.760387452
10,30,40,10,0.223393772,0.776606228
10,30,40,20,0.232183944,0.767816056
10,30,40,30,0.239211906,0.760788094
10,30,40,40,0.254650261,0.745349739
10,30,40,50,0.254356072,0.745643928
10,30,40,60,0.244392284,0.755607716
10,30,50,10,0.231161115,0.768838885
10,30,50,20,0.239190961,0.760809039
10,30,50,30,0.245559629,0.754440371
10,30,50,40,0.259234555,0.740765445
10,30,50,50,0.258504572,0.741495428
10,30,50,60,0.248276272,0.751723728
10,30,60,10,0.235646773,0.764353227
10,30,60,20,0.24295396,0.75704604
10,30,60,30,0.248193909,0.751806091
10,30,60,40,0.260262958,0.739737042
10,30,60,50,0.259445999,0.740554001
10,30,60,60,0.249560662,0.750439338
10,40,10,10,0.128688027,0.871311973
10,40,10,20,0.138070899,0.861929101
10,40,10,30,0.149626038,0.850373962
10,40,10,40,0.172197589,0.827802411
10,40,10,50,0.180610853,0.819389147
10,40,10,60,0.180104848,0.819895152
10,40,20,10,0.136375977,0.863624023
10,40,20,20,0.145619328,0.854380672
10,40,20,30,0.156332099,0.843667901
10,40,20,40,0.177925496,0.822074504
10,40,20,50,0.1853022,0.8146978
10,40,20,60,0.184008434,0.815991566
10,40,30,10,0.14633488,0.85366512
10,40,30,20,0.155158273,0.844841727
10,40,30,30,0.164504687,0.835495313
10,40,30,40,0.184922301,0.815077699
10,40,30,50,0.191251126,0.808748874
10,40,30,60,0.188925413,0.811074587
10,40,40,10,0.155966074,0.844033926
10,40,40,20,0.16429923,0.83570077
10,40,40,30,0.173038738,0.826961262
10,40,40,40,0.191736726,0.808263274
10,40,40,50,0.197061306,0.802938694
10,40,40,60,0.194058993,0.805941007
10,40,50,10,0.165046156,0.834953844
10,40,50,20,0.172876621,0.827123379
10,40,50,30,0.18085763,0.81914237
10,40,50,40,0.19774874,0.80225126
10,40,50,50,0.202175507,0.797824493
10,40,50,60,0.198546094,0.801453906
10,40,60,10,0.172002107,0.827997893
10,40,60,20,0.179074154,0.820925846
10,40,60,30,0.186009519,0.813990481
10,40,60,40,0.201240536,0.798759464
10,40,60,50,0.205113873,0.794886127
10,40,60,60,0.201269162,0.798730838
10,50,10,10,0.114259557,0.885740443
10,50,10,20,0.122378875,0.877621125
10,50,10,30,0.132900574,0.867099426
10,50,10,40,0.155406091,0.844593909
10,50,10,50,0.165136693,0.834863307
10,50,10,60,0.167149275,0.832850725
10,50,20,10,0.120717855,0.879282145
10,50,20,20,0.129002541,0.870997459
10,50,20,30,0.138760227,0.861239773
10,50,20,40,0.160459599,0.839540401
10,50,20,50,0.169320668,0.830679332
10,50,20,60,0.170691368,0.829308632
10,50,30,10,0.129395879,0.870604121
10,50,30,20,0.137447563,0.862552437
10,50,30,30,0.146270321,0.853729679
10,50,30,40,0.166601064,0.833398936
10,50,30,50,0.174552588,0.825447412
10,50,30,60,0.175105682,0.824894318
10,50,40,10,0.137817188,0.862182812
10,50,40,20,0.145689886,0.854310114
10,50,40,30,0.154201712,0.845798288
10,50,40,40,0.172845815,0.827154185
10,50,40,50,0.179999562,0.820000438
10,50,40,60,0.17973641,0.82026359
10,50,50,10,0.146169593,0.853830407
10,50,50,20,0.153806704,0.846193296
10,50,50,30,0.161591287,0.838408713
10,50,50,40,0.178558773,0.821441227
10,50,50,50,0.184828031,0.815171969
10,50,50,60,0.184200526,0.815799474
10,50,60,10,0.15280326,0.84719674
10,50,60,20,0.159756682,0.840243318
10,50,60,30,0.166823493,0.833176507
10,50,60,40,0.182346107,0.817653893
10,50,60,50,0.187811178,0.812188822
10,50,60,60,0.186667716,0.813332284
10,60,10,10,0.147081427,0.852918573
10,60,10,20,0.152174858,0.847825142
10,60,10,30,0.160475256,0.839524744
10,60,10,40,0.179961329,0.820038671
10,60,10,50,0.187249098,0.812750902
10,60,10,60,0.187955724,0.812044276
10,60,20,10,0.150800379,0.849199621
10,60,20,20,0.156311144,0.843688856
10,60,20,30,0.164125467,0.835874533
10,60,20,40,0.183507081,0.816492919
10,60,20,50,0.190459524,0.809540476
10,60,20,60,0.190806695,0.809193305
10,60,30,10,0.156084447,0.843915553
10,60,30,20,0.161987949,0.838012051
10,60,30,30,0.1689222,0.8310778
10,60,30,40,0.187899203,0.812100797
10,60,30,50,0.194236596,0.805763404
10,60,30,60,0.19407784,0.80592216
10,60,40,10,0.161858846,0.838141154
10,60,40,20,0.167810896,0.832189104
10,60,40,30,0.174728201,0.825271799
10,60,40,40,0.192442893,0.807557107
10,60,40,50,0.198041113,0.801958887
10,60,40,60,0.19744209,0.80255791
10,60,50,10,0.167410673,0.832589327
10,60,50,20,0.17316979,0.82683021
10,60,50,30,0.180031841,0.819968159
10,60,50,40,0.196648793,0.803351207
10,60,50,50,0.201661983,0.798338017
10,60,50,60,0.200548018,0.799451982
10,60,60,10,0.171234609,0.828765391
10,60,60,20,0.176987825,0.823012175
10,60,60,30,0.183197127,0.816802873
10,60,60,40,0.198576073,0.801423927
10,60,60,50,0.203277395,0.796722605
10,60,60,60,0.202025288,0.797974712
20,10,10,10,0.407300451,0.592699549
20,10,10,20,0.422777776,0.577222224
20,10,10,30,0.418868752,0.581131248
20,10,10,40,0.415108888,0.584891112
20,10,10,50,0.379352717,0.620647283
20,10,10,60,0.341199949,0.658800051
20,10,20,10,0.412778139,0.587221861
20,10,20,20,0.425877171,0.574122829
20,10,20,30,0.420552911,0.579447089
20,10,20,40,0.416597884,0.583402116
20,10,20,50,0.382093017,0.617906983
20,10,20,60,0.344054038,0.655945962
20,10,30,10,0.413082447,0.586917553
20,10,30,20,0.424325997,0.575674003
20,10,30,30,0.419308734,0.580691266
20,10,30,40,0.415686567,0.584313433
20,10,30,50,0.382729662,0.617270338
20,10,30,60,0.346477981,0.653522019
20,10,40,10,0.407782637,0.592217363
20,10,40,20,0.418142974,0.581857026
20,10,40,30,0.414927288,0.585072712
20,10,40,40,0.412136748,0.587863252
20,10,40,50,0.381694654,0.618305346
20,10,40,60,0.3475197,0.6524803
20,10,50,10,0.397390234,0.602609766
20,10,50,20,0.407040153,0.592959847
20,10,50,30,0.405670444,0.594329556
20,10,50,40,0.404304468,0.595695532
20,10,50,50,0.377418787,0.622581213
20,10,50,60,0.345552725,0.654447275
20,10,60,10,0.379008888,0.620991112
20,10,60,20,0.388247838,0.611752162
20,10,60,30,0.387418197,0.612581803
20,10,60,40,0.388611238,0.611388762
20,10,60,50,0.366913317,0.633086683
20,10,60,60,0.338027495,0.661972505
20,20,10,10,0.298557071,0.701442929
20,20,10,20,0.309771688,0.690228312
20,20,10,30,0.31583804,0.68416196
20,20,10,40,0.32668136,0.67331864
20,20,10,50,0.316252633,0.683747367
20,20,10,60,0.296919416,0.703080584
20,20,20,10,0.305765404,0.694234596
20,20,20,20,0.316522147,0.683477853
20,20,20,30,0.321109643,0.678890357
20,20,20,40,0.331471351,0.668528649
20,20,20,50,0.320196956,0.679803044
20,20,20,60,0.300513069,0.699486931
20,20,30,10,0.313605195,0.686394805
20,20,30,20,0.323248464,0.676751536
20,20,30,30,0.326397532,0.673602468
20,20,30,40,0.335837706,0.664162294
20,20,30,50,0.324236011,0.675763989
20,20,30,60,0.304043503,0.695956497
20,20,40,10,0.319226228,0.680773772
20,20,40,20,0.328132539,0.671867461
20,20,40,30,0.33112643,0.66887357
20,20,40,40,0.338783681,0.661216319
20,20,40,50,0.327245215,0.672754785
20,20,40,60,0.307316678,0.692683322
20,20,50,10,0.322609375,0.677390625
20,20,50,20,0.330700713,0.669299287
20,20,50,30,0.333281498,0.666718502
20,20,50,40,0.339514969,0.660485031
20,20,50,50,0.328595008,0.671404992
20,20,50,60,0.309163648,0.690836352
20,20,60,10,0.319988997,0.680011003
20,20,60,20,0.32738057,0.67261943
20,20,60,30,0.329187565,0.670812435
20,20,60,40,0.335092288,0.664907712
20,20,60,50,0.325384669,0.674615331
20,20,60,60,0.307306809,0.692693191
20,30,10,10,0.200861166,0.799138834
20,30,10,20,0.21002557,0.78997443
20,30,10,30,0.219906734,0.780093266
20,30,10,40,0.238005804,0.761994196
20,30,10,50,0.241011095,0.758988905
20,30,10,60,0.235296371,0.764703629
20,30,20,10,0.208119831,0.791880169
20,30,20,20,0.217352052,0.782647948
20,30,20,30,0.226120857,0.773879143
20,30,20,40,0.243402407,0.756597593
20,30,20,50,0.245420524,0.754579476
20,30,20,60,0.238791765,0.761208235
20,30,30,10,0.217254098,0.782745902
20,30,30,20,0.226045783,0.773954217
20,30,30,30,0.233433848,0.766566152
20,30,30,40,0.249700401,0.750299599
20,30,30,50,0.250567233,0.749432767
20,30,30,60,0.242765878,0.757234122
20,30,40,10,0.225703344,0.774296656
20,30,40,20,0.233984605,0.766015395
20,30,40,30,0.24091073,0.75908927
20,30,40,40,0.255519085,0.744480915
20,30,40,50,0.255345029,0.744654971
20,30,40,60,0.246878641,0.753121359
20,30,50,10,0.232953741,0.767046259
20,30,50,20,0.240575477,0.759424523
20,30,50,30,0.246988545,0.753011455
20,30,50,40,0.259979938,0.740020062
20,30,50,50,0.259343008,0.740656992
20,30,50,60,0.250421312,0.749578688
20,30,60,10,0.237123863,0.762876137
20,30,60,20,0.244061428,0.755938572
20,30,60,30,0.249399715,0.750600285
20,30,60,40,0.260939602,0.739060398
20,30,60,50,0.260255331,0.739744669
20,30,60,60,0.251530499,0.748469501
20,40,10,10,0.135712235,0.864287765
20,40,10,20,0.144146548,0.855853452
20,40,10,30,0.15475166,0.84524834
20,40,10,40,0.176153325,0.823846675
20,40,10,50,0.184669094,0.815330906
20,40,10,60,0.185193174,0.814806826
20,40,20,10,0.142441578,0.857558422
20,40,20,20,0.150926246,0.849073754
20,40,20,30,0.160742419,0.839257581
20,40,20,40,0.181164089,0.818835911
20,40,20,50,0.188996051,0.811003949
20,40,20,60,0.1886626,0.8113374
20,40,30,10,0.151246659,0.848753341
20,40,30,20,0.159488962,0.840511038
20,40,30,30,0.16814063,0.83185937
20,40,30,40,0.187551603,0.812448397
20,40,30,50,0.194175045,0.805824955
20,40,30,60,0.192944048,0.807055952
20,40,40,10,0.160131559,0.839868441
20,40,40,20,0.167968791,0.832031209
20,40,40,30,0.176354596,0.823645404
20,40,40,40,0.194041943,0.805958057
20,40,40,50,0.199636875,0.800363125
20,40,40,60,0.197587703,0.802412297
20,40,50,10,0.16872454,0.83127546
20,40,50,20,0.176045603,0.823954397
20,40,50,30,0.183788852,0.816211148
20,40,50,40,0.199830585,0.800169415
20,40,50,50,0.204516467,0.795483533
20,40,50,60,0.201755728,0.798244272
20,40,60,10,0.175161365,0.824838635
20,40,60,20,0.181889066,0.818110934
20,40,60,30,0.188604778,0.811395222
20,40,60,40,0.20321381,0.79678619
20,40,60,50,0.207234129,0.792765871
20,40,60,60,0.204005303,0.795994697
20,50,10,10,0.124369474,0.875630526
20,50,10,20,0.131225697,0.868774303
20,50,10,30,0.140613029,0.859386971
20,50,10,40,0.161629708,0.838370292
20,50,10,50,0.170748763,0.829251237
20,50,10,60,0.172518377,0.827481623
20,50,20,10,0.129823765,0.870176235
20,50,20,20,0.136788969,0.863211031
20,50,20,30,0.145844539,0.854155461
20,50,20,40,0.166156964,0.833843036
20,50,20,50,0.174507062,0.825492938
20,50,20,60,0.175805824,0.824194176
20,50,30,10,0.136989275,0.863010725
20,50,30,20,0.144311101,0.855688899
20,50,30,30,0.152448289,0.847551711
20,50,30,40,0.171608028,0.828391972
20,50,30,50,0.179155783,0.820844217
20,50,30,60,0.179740824,0.820259176
20,50,40,10,0.144585626,0.855414374
20,50,40,20,0.15169538,0.84830462
20,50,40,30,0.159588794,0.840411206
20,50,40,40,0.177426536,0.822573464
20,50,40,50,0.18403221,0.81596779
20,50,40,60,0.184055067,0.815944933
20,50,50,10,0.15223142,0.84776858
20,50,50,20,0.15899767,0.84100233
20,50,50,30,0.166396046,0.833603954
20,50,50,40,0.182583049,0.817416951
20,50,50,50,0.188576729,0.811423271
20,50,50,60,0.188094809,0.811905191
20,50,60,10,0.158001902,0.841998098
20,50,60,20,0.164380274,0.835619726
20,50,60,30,0.171037138,0.828962862
20,50,60,40,0.185790512,0.814209488
20,50,60,50,0.191097302,0.808902698
20,50,60,60,0.190372775,0.809627225
20,60,10,10,0.158038667,0.841961333
20,60,10,20,0.162367465,0.837632535
20,60,10,30,0.170058661,0.829941339
20,60,10,40,0.187702305,0.812297695
20,60,10,50,0.193815934,0.806184066
20,60,10,60,0.193848318,0.806151682
20,60,20,10,0.161206142,0.838793858
20,60,20,20,0.165962477,0.834037523
20,60,20,30,0.173096764,0.826903236
20,60,20,40,0.190773941,0.809226059
20,60,20,50,0.196644807,0.803355193
20,60,20,60,0.196327307,0.803672693
20,60,30,10,0.165607666,0.834392334
20,60,30,20,0.170766753,0.829233247
20,60,30,30,0.177141794,0.822858206
20,60,30,40,0.194469288,0.805530712
20,60,30,50,0.200040071,0.799959929
20,60,30,60,0.199298988,0.800701012
20,60,40,10,0.170569836,0.829430164
20,60,40,20,0.176013916,0.823986084
20,60,40,30,0.182247387,0.817752613
20,60,40,40,0.198545095,0.801454905
20,60,40,50,0.203523396,0.796476604
20,60,40,60,0.20249867,0.79750133
20,60,50,10,0.175442032,0.824557968
20,60,50,20,0.180664318,0.819335682
20,60,50,30,0.186800823,0.813199177
20,60,50,40,0.202349371,0.797650629
20,60,50,50,0.20674542,0.79325458
20,60,50,60,0.205269091,0.794730909
20,60,60,10,0.178501751,0.821498249
20,60,60,20,0.183486843,0.816513157
20,60,60,30,0.189218593,0.810781407
20,60,60,40,0.203854882,0.796145118
20,60,60,50,0.207984,0.792016
20,60,60,60,0.206473296,0.793526704
30,10,10,10,0.409838326,0.590161674
30,10,10,20,0.418807993,0.581192007
30,10,10,30,0.413911728,0.586088272
30,10,10,40,0.408343497,0.591656503
30,10,10,50,0.374340428,0.625659572
30,10,10,60,0.339370558,0.660629442
30,10,20,10,0.409641126,0.590358874
30,10,20,20,0.419366659,0.580633341
30,10,20,30,0.413270256,0.586729744
30,10,20,40,0.408756649,0.591243351
30,10,20,50,0.37597034,0.62402966
30,10,20,60,0.341510803,0.658489197
30,10,30,10,0.406417616,0.593582384
30,10,30,20,0.415687712,0.584312288
30,10,30,30,0.409616799,0.590383201
30,10,30,40,0.405968435,0.594031565
30,10,30,50,0.375627605,0.624372395
30,10,30,60,0.342375223,0.657624777
30,10,40,10,0.398292484,0.601707516
30,10,40,20,0.407356638,0.592643362
30,10,40,30,0.403847829,0.596152171
30,10,40,40,0.401268592,0.598731408
30,10,40,50,0.374036951,0.625963049
30,10,40,60,0.342284049,0.657715951
30,10,50,10,0.386658599,0.613341401
30,10,50,20,0.395780982,0.604219018
30,10,50,30,0.394222519,0.605777481
30,10,50,40,0.393290283,0.606709717
30,10,50,50,0.369157727,0.630842273
30,10,50,60,0.340165245,0.659834755
30,10,60,10,0.368381024,0.631618976
30,10,60,20,0.376925907,0.623074093
30,10,60,30,0.376561418,0.623438582
30,10,60,40,0.378544761,0.621455239
30,10,60,50,0.358764806,0.641235194
30,10,60,60,0.333163498,0.666836502
30,20,10,10,0.296176121,0.703823879
30,20,10,20,0.306002458,0.693997542
30,20,10,30,0.311967296,0.688032704
30,20,10,40,0.321837107,0.678162893
30,20,10,50,0.313316047,0.686683953
30,20,10,60,0.295970419,0.704029581
30,20,20,10,0.302233622,0.697766378
30,20,20,20,0.311932715,0.688067285
30,20,20,30,0.31647076,0.68352924
30,20,20,40,0.325799829,0.674200171
30,20,20,50,0.316623823,0.683376177
30,20,20,60,0.299043496,0.700956504
30,20,30,10,0.30846097,0.69153903
30,20,30,20,0.317461075,0.682538925
30,20,30,30,0.320142766,0.679857234
30,20,30,40,0.329193884,0.670806116
30,20,30,50,0.319539695,0.680460305
30,20,30,60,0.301664981,0.698335019
30,20,40,10,0.312844295,0.687155705
30,20,40,20,0.321357154,0.678642846
30,20,40,30,0.324087626,0.675912374
30,20,40,40,0.331876946,0.668123054
30,20,40,50,0.321876541,0.678123459
30,20,40,60,0.304114566,0.695885434
30,20,50,10,0.315779026,0.684220974
30,20,50,20,0.323401475,0.676598525
30,20,50,30,0.325873915,0.674126085
30,20,50,40,0.332771984,0.667228016
30,20,50,50,0.322818858,0.677181142
30,20,50,60,0.305331634,0.694668366
30,20,60,10,0.313524711,0.686475289
30,20,60,20,0.320453405,0.679546595
30,20,60,30,0.321971959,0.678028041
30,20,60,40,0.32862136,0.67137864
30,20,60,50,0.319860659,0.680139341
30,20,60,60,0.303514252,0.696485748
30,30,10,10,0.201874288,0.798125712
30,30,10,20,0.210248793,0.789751207
30,30,10,30,0.220199869,0.779800131
30,30,10,40,0.237361597,0.762638403
30,30,10,50,0.241392156,0.758607844
30,30,10,60,0.236905124,0.763094876
30,30,20,10,0.208389882,0.791610118
30,30,20,20,0.217020552,0.782979448
30,30,20,30,0.225641308,0.774358692
30,30,20,40,0.241947663,0.758052337
30,30,20,50,0.245189607,0.754810393
30,30,20,60,0.239904543,0.760095457
30,30,30,10,0.216599301,0.783400699
30,30,30,20,0.224821377,0.775178623
30,30,30,30,0.231969149,0.768030851
30,30,30,40,0.247091069,0.752908931
30,30,30,50,0.249379987,0.750620013
30,30,30,60,0.243394818,0.756605182
30,30,40,10,0.224113629,0.775886371
30,30,40,20,0.231914107,0.768085893
30,30,40,30,0.238442009,0.761557991
30,30,40,40,0.252250298,0.747749702
30,30,40,50,0.253489149,0.746510851
30,30,40,60,0.247019498,0.752980502
30,30,50,10,0.23081079,0.76918921
30,30,50,20,0.237989787,0.762010213
30,30,50,30,0.243784967,0.756215033
30,30,50,40,0.256516418,0.743483582
30,30,50,50,0.256797752,0.743202248
30,30,50,60,0.249679603,0.750320397
30,30,60,10,0.234761031,0.765238969
30,30,60,20,0.241233472,0.758766528
30,30,60,30,0.246019286,0.753980714
30,30,60,40,0.257541032,0.742458968
30,30,60,50,0.2576345,0.7423655
30,30,60,60,0.250328414,0.749671586
30,40,10,10,0.140966257,0.859033743
30,40,10,20,0.148000003,0.851999997
30,40,10,30,0.158399144,0.841600856
30,40,10,40,0.178304681,0.821695319
30,40,10,50,0.186656275,0.813343725
30,40,10,60,0.187544346,0.812455654
30,40,20,10,0.146539543,0.853460457
30,40,20,20,0.153918325,0.846081675
30,40,20,30,0.163329061,0.836670939
30,40,20,40,0.18276758,0.81723242
30,40,20,50,0.190453097,0.809546903
30,40,20,60,0.190702968,0.809297032
30,40,30,10,0.15405154,0.84594846
30,40,30,20,0.161518453,0.838481547
30,40,30,30,0.169531283,0.830468717
30,40,30,40,0.187945358,0.812054642
30,40,30,50,0.194890159,0.805109841
30,40,30,60,0.194472612,0.805527388
30,40,40,10,0.161652643,0.838347357
30,40,40,20,0.168877226,0.831122774
30,40,40,30,0.176653103,0.823346897
30,40,40,40,0.193442625,0.806557375
30,40,40,50,0.199667278,0.800332722
30,40,40,60,0.198658923,0.801341077
30,40,50,10,0.16919223,0.83080777
30,40,50,20,0.175942203,0.824057797
30,40,50,30,0.18327339,0.81672661
30,40,50,40,0.198733938,0.801266062
30,40,50,50,0.203874749,0.796125251
30,40,50,60,0.202454918,0.797545082
30,40,60,10,0.175039818,0.824960182
30,40,60,20,0.181322649,0.818677351
30,40,60,30,0.187667161,0.812332839
30,40,60,40,0.201825819,0.798174181
30,40,60,50,0.206393399,0.793606601
30,40,60,60,0.204352739,0.795647261
30,50,10,10,0.134200175,0.865799825
30,50,10,20,0.139613145,0.860386855
30,50,10,30,0.147809707,0.852190293
30,50,10,40,0.166651908,0.833348092
30,50,10,50,0.174603599,0.825396401
30,50,10,60,0.176016001,0.823983999
30,50,20,10,0.138260574,0.861739426
30,50,20,20,0.144146072,0.855853928
30,50,20,30,0.151723182,0.848276818
30,50,20,40,0.170543255,0.829456745
30,50,20,50,0.178122828,0.821877172
30,50,20,60,0.179007948,0.820992052
30,50,30,10,0.144119623,0.855880377
30,50,30,20,0.15001046,0.84998954
30,50,30,30,0.156984276,0.843015724
30,50,30,40,0.175292935,0.824707065
30,50,30,50,0.182155657,0.817844343
30,50,30,60,0.182527795,0.817472205
30,50,40,10,0.150208468,0.849791532
30,50,40,20,0.156035988,0.843964012
30,50,40,30,0.163204726,0.836795274
30,50,40,40,0.180272203,0.819727797
30,50,40,50,0.186474882,0.813525118
30,50,40,60,0.186357737,0.813642263
30,50,50,10,0.156349546,0.843650454
30,50,50,20,0.162358366,0.837641634
30,50,50,30,0.169200916,0.830799084
30,50,50,40,0.184848399,0.815151601
30,50,50,50,0.190429393,0.809570607
30,50,50,60,0.189977531,0.810022469
30,50,60,10,0.161192621,0.838807379
30,50,60,20,0.167055892,0.832944108
30,50,60,30,0.173290901,0.826709099
30,50,60,40,0.187310269,0.812689731
30,50,60,50,0.192497617,0.807502383
30,50,60,60,0.191942116,0.808057884
30,60,10,10,0.170826673,0.829173327
30,60,10,20,0.173893815,0.826106185
30,60,10,30,0.180901198,0.819098802
30,60,10,40,0.195582144,0.804417856
30,60,10,50,0.200119542,0.799880458
30,60,10,60,0.199525177,0.800474823
30,60,20,10,0.172893493,0.827106507
30,60,20,20,0.176599512,0.823400488
30,60,20,30,0.183079904,0.816920096
30,60,20,40,0.197899233,0.802100767
30,60,20,50,0.202440503,0.797559497
30,60,20,60,0.201540317,0.798459683
30,60,30,10,0.176096516,0.823903484
30,60,30,20,0.180155646,0.819844354
30,60,30,30,0.185717301,0.814282699
30,60,30,40,0.200695821,0.799304179
30,60,30,50,0.20505885,0.79494115
30,60,30,60,0.203889044,0.796110956
30,60,40,10,0.179386903,0.820613097
30,60,40,20,0.183825043,0.816174957
30,60,40,30,0.189330991,0.810669009
30,60,40,40,0.203803302,0.796196698
30,60,40,50,0.207810085,0.792189915
30,60,40,60,0.206387073,0.793612927
30,60,50,10,0.182683535,0.817316465
30,60,50,20,0.187245615,0.812754385
30,60,50,30,0.192534783,0.807465217
30,60,50,40,0.206599554,0.793400446
30,60,50,50,0.210424427,0.789575573
30,60,50,60,0.208748417,0.791251583
30,60,60,10,0.184804457,0.815195543
30,60,60,20,0.189201932,0.810798068
30,60,60,30,0.193900414,0.806099586
30,60,60,40,0.207471581,0.792528419
30,60,60,50,0.211270117,0.788729883
30,60,60,60,0.209387846,0.790612154
40,10,10,10,0.512672169,0.487327831
40,10,10,20,0.501756766,0.498243234
40,10,10,30,0.482757421,0.517242579
40,10,10,40,0.451190307,0.548809693
40,10,10,50,0.404774207,0.595225793
40,10,10,60,0.364673774,0.635326226
40,10,20,10,0.496612998,0.503387002
40,10,20,20,0.489260813,0.510739187
40,10,20,30,0.472292218,0.527707782
40,10,20,40,0.44544631,0.55455369
40,10,20,50,0.402070323,0.597929677
40,10,20,60,0.363130964,0.636869036
40,10,30,10,0.474931061,0.525068939
40,10,30,20,0.471159921,0.528840079
40,10,30,30,0.456579918,0.543420082
40,10,30,40,0.435472915,0.564527085
40,10,30,50,0.396445148,0.603554852
40,10,30,60,0.359644475,0.640355525
40,10,40,10,0.452220286,0.547779714
40,10,40,20,0.451512922,0.548487078
40,10,40,30,0.44062565,0.55937435
40,10,40,40,0.423732857,0.576267143
40,10,40,50,0.389123379,0.610876621
40,10,40,60,0.354938904,0.645061096
40,10,50,10,0.428141523,0.571858477
40,10,50,20,0.429794194,0.570205806
40,10,50,30,0.421877573,0.578122427
40,10,50,40,0.409059413,0.590940587
40,10,50,50,0.379248012,0.620751988
40,10,50,60,0.348705735,0.651294265
40,10,60,10,0.400490256,0.599509744
40,10,60,20,0.403278718,0.596721282
40,10,60,30,0.398013666,0.601986334
40,10,60,40,0.389435937,0.610564063
40,10,60,50,0.365221776,0.634778224
40,10,60,60,0.3388583,0.6611417
40,20,10,10,0.346985375,0.653014625
40,20,10,20,0.349524149,0.650475851
40,20,10,30,0.3493997,0.6506003
40,20,10,40,0.346955121,0.653044879
40,20,10,50,0.330158411,0.669841589
40,20,10,60,0.309438341,0.690561659
40,20,20,10,0.346200874,0.653799126
40,20,20,20,0.349402608,0.650597392
40,20,20,30,0.348547049,0.651452951
40,20,20,40,0.34697307,0.65302693
40,20,20,50,0.33066305,0.66933695
40,20,20,60,0.309908676,0.690091324
40,20,30,10,0.344405799,0.655594201
40,20,30,20,0.34821101,0.65178899
40,20,30,30,0.346088386,0.653911614
40,20,30,40,0.345211453,0.654788547
40,20,30,50,0.329811758,0.670188242
40,20,30,60,0.309865473,0.690134527
40,20,40,10,0.341515572,0.658484428
40,20,40,20,0.345441173,0.654558827
40,20,40,30,0.344058285,0.655941715
40,20,40,40,0.342963462,0.657036538
40,20,40,50,0.32845413,0.67154587
40,20,40,60,0.309811414,0.690188586
40,20,50,10,0.336955498,0.663044502
40,20,50,20,0.341064578,0.658935422
40,20,50,30,0.340141484,0.659858516
40,20,50,40,0.3391379,0.6608621
40,20,50,50,0.326003262,0.673996738
40,20,50,60,0.308257608,0.691742392
40,20,60,10,0.328487724,0.671512276
40,20,60,20,0.332547759,0.667452241
40,20,60,30,0.33185515,0.66814485
40,20,60,40,0.331903449,0.668096551
40,20,60,50,0.320552281,0.679447719
40,20,60,60,0.30423832,0.69576168
40,30,10,10,0.246805997,0.753194003
40,30,10,20,0.249828245,0.750171755
40,30,10,30,0.255906364,0.744093636
40,30,10,40,0.263893336,0.736106664
40,30,10,50,0.260801307,0.739198693
40,30,10,60,0.252383207,0.747616793
40,30,20,10,0.248301808,0.751698192
40,30,20,20,0.25211639,0.74788361
40,30,20,30,0.257325919,0.742674081
40,30,20,40,0.265431541,0.734568459
40,30,20,50,0.262094382,0.737905618
40,30,20,60,0.253381684,0.746618316
40,30,30,10,0.250457388,0.749542612
40,30,30,20,0.254667091,0.745332909
40,30,30,30,0.258668064,0.741331936
40,30,30,40,0.266906371,0.733093629
40,30,30,50,0.263343106,0.736656894
40,30,30,60,0.25433527,0.74566473
40,30,40,10,0.252312744,0.747687256
40,30,40,20,0.256775664,0.743224336
40,30,40,30,0.260503335,0.739496665
40,30,40,40,0.268082366,0.731917634
40,30,40,50,0.26450615,0.73549385
40,30,40,60,0.255534792,0.744465208
40,30,50,10,0.253311431,0.746688569
40,30,50,20,0.257842978,0.742157022
40,30,50,30,0.261222044,0.738777956
40,30,50,40,0.268001754,0.731998246
40,30,50,50,0.264601451,0.735398549
40,30,50,60,0.25618337,0.74381663
40,30,60,10,0.252217674,0.747782326
40,30,60,20,0.256645478,0.743354522
40,30,60,30,0.259449086,0.740550914
40,30,60,40,0.265670414,0.734329586
40,30,60,50,0.262632411,0.737367589
40,30,60,60,0.254625114,0.745374886
40,40,10,10,0.18522397,0.81477603
40,40,10,20,0.188477372,0.811522628
40,40,10,30,0.195410749,0.804589251
40,40,10,40,0.207186182,0.792813818
40,40,10,50,0.209354527,0.790645473
40,40,10,60,0.206495566,0.793504434
40,40,20,10,0.187312102,0.812687898
40,40,20,20,0.191144844,0.808855156
40,40,20,30,0.197526272,0.802473728
40,40,20,40,0.209297925,0.790702075
40,40,20,50,0.211102789,0.788897211
40,40,20,60,0.208022671,0.791977329
40,40,30,10,0.190282182,0.809717818
40,40,30,20,0.194435064,0.805564936
40,40,30,30,0.199887097,0.800112903
40,40,30,40,0.211648033,0.788351967
40,40,30,50,0.213140104,0.786859896
40,40,30,60,0.20962471,0.79037529
40,40,40,10,0.193466215,0.806533785
40,40,40,20,0.197602733,0.802397267
40,40,40,30,0.203070393,0.796929607
40,40,40,40,0.214156047,0.785843953
40,40,40,50,0.215280779,0.784719221
40,40,40,60,0.211390283,0.788609717
40,40,50,10,0.196162523,0.803837477
40,40,50,20,0.200539026,0.799460974
40,40,50,30,0.205625556,0.794374444
40,40,50,40,0.215889363,0.784110637
40,40,50,50,0.21684544,0.78315456
40,40,50,60,0.212871666,0.787128334
40,40,60,10,0.197487168,0.802512832
40,40,60,20,0.201778513,0.798221487
40,40,60,30,0.206157436,0.793842564
40,40,60,40,0.215695803,0.784304197
40,40,60,50,0.216637453,0.783362547
40,40,60,60,0.212900363,0.787099637
40,50,10,10,0.177709095,0.822290905
40,50,10,20,0.180659313,0.819340687
40,50,10,30,0.186597049,0.813402951
40,50,10,40,0.198622394,0.801377606
40,50,10,50,0.201243054,0.798756946
40,50,10,60,0.199019109,0.800980891
40,50,20,10,0.17967708,0.82032292
40,50,20,20,0.183070071,0.816929929
40,50,20,30,0.188503315,0.811496685
40,50,20,40,0.200528659,0.799471341
40,50,20,50,0.202938009,0.797061991
40,50,20,60,0.20055521,0.79944479
40,50,30,10,0.182226445,0.817773555
40,50,30,20,0.186058014,0.813941986
40,50,30,30,0.1907766,0.8092234
40,50,30,40,0.202648302,0.797351698
40,50,30,50,0.204758448,0.795241552
40,50,30,60,0.202116192,0.797883808
40,50,40,10,0.185187928,0.814812072
40,50,40,20,0.189062246,0.810937754
40,50,40,30,0.193748681,0.806251319
40,50,40,40,0.204835189,0.795164811
40,50,40,50,0.206622594,0.793377406
40,50,40,60,0.20375459,0.79624541
40,50,50,10,0.187637681,0.812362319
40,50,50,20,0.191355792,0.808644208
40,50,50,30,0.196070043,0.803929957
40,50,50,40,0.206645288,0.793354712
40,50,50,50,0.208182901,0.791817099
40,50,50,60,0.205068169,0.794931831
40,50,60,10,0.188587614,0.811412386
40,50,60,20,0.192273399,0.807726601
40,50,60,30,0.196598602,0.803401398
40,50,60,40,0.206543359,0.793456641
40,50,60,50,0.208067883,0.791932117
40,50,60,60,0.204999737,0.795000263
40,60,10,10,0.216398106,0.783601894
40,60,10,20,0.217702595,0.782297405
40,60,10,30,0.221853061,0.778146939
40,60,10,40,0.230793351,0.769206649
40,60,10,50,0.230642263,0.769357737
40,60,10,60,0.226390027,0.773609973
40,60,20,10,0.216728332,0.783271668
40,60,20,20,0.21852378,0.78147622
40,60,20,30,0.22264025,0.77735975
40,60,20,40,0.231808371,0.768191629
40,60,20,50,0.231601042,0.768398958
40,60,20,60,0.22726859,0.77273141
40,60,30,10,0.217252455,0.782747545
40,60,30,20,0.219422317,0.780577683
40,60,30,30,0.223104444,0.776895556
40,60,30,40,0.23257048,0.76742952
40,60,30,50,0.232352929,0.767647071
40,60,30,60,0.227930802,0.772069198
40,60,40,10,0.217713718,0.782286282
40,60,40,20,0.220293699,0.779706301
40,60,40,30,0.224142967,0.775857033
40,60,40,40,0.233241179,0.766758821
40,60,40,50,0.232946323,0.767053677
40,60,40,60,0.228541593,0.771458407
40,60,50,10,0.218073067,0.781926933
40,60,50,20,0.22087592,0.77912408
40,60,50,30,0.224574771,0.775425229
40,60,50,40,0.233288657,0.766711343
40,60,50,50,0.233022718,0.766977282
40,60,50,60,0.228656623,0.771343377
40,60,60,10,0.217101298,0.782898702
40,60,60,20,0.219824427,0.780175573
40,60,60,30,0.223185643,0.776814357
40,60,60,40,0.231736229,0.768263771
40,60,60,50,0.231544453,0.768455547
40,60,60,60,0.227331667,0.772668333
50,10,10,10,0.560098413,0.439901587
50,10,10,20,0.54661744,0.45338256
50,10,10,30,0.521742601,0.478257399
50,10,10,40,0.479058544,0.520941456
50,10,10,50,0.425344616,0.574655384
50,10,10,60,0.380154217,0.619845783
50,10,20,10,0.540358941,0.459641059
50,10,20,20,0.530722495,0.469277505
50,10,20,30,0.508118137,0.491881863
50,10,20,40,0.471870997,0.528129003
50,10,20,50,0.421958173,0.578041827
50,10,20,60,0.378197251,0.621802749
50,10,30,10,0.514075499,0.485924501
50,10,30,20,0.50832126,0.49167874
50,10,30,30,0.488732104,0.511267896
50,10,30,40,0.459783784,0.540216216
50,10,30,50,0.415090337,0.584909663
50,10,30,60,0.374159175,0.625840825
50,10,40,10,0.486532145,0.513467855
50,10,40,20,0.484082712,0.515917288
50,10,40,30,0.469480577,0.530519423
50,10,40,40,0.445690938,0.554309062
50,10,40,50,0.406355192,0.593644808
50,10,40,60,0.368746131,0.631253869
50,10,50,10,0.457767993,0.542232007
50,10,50,20,0.457791102,0.542208898
50,10,50,30,0.447379594,0.552620406
50,10,50,40,0.428656329,0.571343671
50,10,50,50,0.395024183,0.604975817
50,10,50,60,0.361230574,0.638769426
50,10,60,10,0.425699301,0.574300699
50,10,60,20,0.427109704,0.572890296
50,10,60,30,0.419831284,0.580168716
50,10,60,40,0.406283017,0.593716983
50,10,60,50,0.379335202,0.620664798
50,10,60,60,0.349924002,0.650075998
50,20,10,10,0.37084717,0.62915283
50,20,10,20,0.37260101,0.62739899
50,20,10,30,0.370686505,0.629313495
50,20,10,40,0.363129161,0.636870839
50,20,10,50,0.343728347,0.656271653
50,20,10,60,0.320683398,0.679316602
50,20,20,10,0.368967558,0.631032442
50,20,20,20,0.371388226,0.628611774
50,20,20,30,0.369048587,0.630951413
50,20,20,40,0.362615681,0.637384319
50,20,20,50,0.343695304,0.656304696
50,20,20,60,0.321007825,0.678992175
50,20,30,10,0.365608106,0.634391894
50,20,30,20,0.368416459,0.631583541
50,20,30,30,0.365177491,0.634822509
50,20,30,40,0.360299826,0.639700174
50,20,30,50,0.342311642,0.657688358
50,20,30,60,0.320306349,0.679693651
50,20,40,10,0.360492775,0.639507225
50,20,40,20,0.363791046,0.636208954
50,20,40,30,0.361183896,0.638816104
50,20,40,40,0.356917857,0.643082143
50,20,40,50,0.340180429,0.659819571
50,20,40,60,0.31904626,0.68095374
50,20,50,10,0.353985271,0.646014729
50,20,50,20,0.357373294,0.642626706
50,20,50,30,0.355315303,0.644684697
50,20,50,40,0.351819496,0.648180504
50,20,50,50,0.336326641,0.663673359
50,20,50,60,0.31615428,0.68384572
50,20,60,10,0.343453843,0.656546157
50,20,60,20,0.347060388,0.652939612
50,20,60,30,0.345525203,0.654474797
50,20,60,40,0.343313934,0.656686066
50,20,60,50,0.329458475,0.670541525
50,20,60,60,0.310798775,0.689201225
50,30,10,10,0.260963855,0.739036145
50,30,10,20,0.263890715,0.736109285
50,30,10,30,0.269493744,0.730506256
50,30,10,40,0.274714533,0.725285467
50,30,10,50,0.270095226,0.729904774
50,30,10,60,0.260504652,0.739495348
50,30,20,10,0.26207779,0.73792221
50,30,20,20,0.265934022,0.734065978
50,30,20,30,0.270623949,0.729376051
50,30,20,40,0.275945523,0.724054477
50,30,20,50,0.271322233,0.728677767
50,30,20,60,0.261417328,0.738582672
50,30,30,10,0.263767576,0.736232424
50,30,30,20,0.268037138,0.731962862
50,30,30,30,0.271419425,0.728580575
50,30,30,40,0.276974516,0.723025484
50,30,30,50,0.272261764,0.727738236
50,30,30,60,0.262151358,0.737848642
50,30,40,10,0.264870047,0.735129953
50,30,40,20,0.269156409,0.730843591
50,30,40,30,0.272487017,0.727512983
50,30,40,40,0.277736569,0.722263431
50,30,40,50,0.272974769,0.727025231
50,30,40,60,0.26279579,0.73720421
50,30,50,10,0.264933826,0.735066174
50,30,50,20,0.269198533,0.730801467
50,30,50,30,0.272080433,0.727919567
50,30,50,40,0.277162729,0.722837271
50,30,50,50,0.272391176,0.727608824
50,30,50,60,0.262403078,0.737596922
50,30,60,10,0.262612058,0.737387942
50,30,60,20,0.266815582,0.733184418
50,30,60,30,0.269289616,0.730710384
50,30,60,40,0.274226095,0.725773905
50,30,60,50,0.269822336,0.730177664
50,30,60,60,0.260140955,0.739859045
50,40,10,10,0.195485266,0.804514734
50,40,10,20,0.198631526,0.801368474
50,40,10,30,0.205368076,0.794631924
50,40,10,40,0.215854096,0.784145904
50,40,10,50,0.216748059,0.783251941
50,40,10,60,0.213026539,0.786973461
50,40,20,10,0.197372114,0.802627886
50,40,20,20,0.20116109,0.79883891
50,40,20,30,0.207248001,0.792751999
50,40,20,40,0.217759833,0.782240167
50,40,20,50,0.218510673,0.781489327
50,40,20,60,0.214481274,0.785518726
50,40,30,10,0.200109776,0.799890224
50,40,30,20,0.204281546,0.795718454
50,40,30,30,0.209468951,0.790531049
50,40,30,40,0.219899568,0.780100432
50,40,30,50,0.220416476,0.779583524
50,40,30,60,0.216010172,0.783989828
50,40,40,10,0.20285092,0.79714908
50,40,40,20,0.207198788,0.792801212
50,40,40,30,0.212361542,0.787638458
50,40,40,40,0.221952825,0.778047175
50,40,40,50,0.222327447,0.777672553
50,40,40,60,0.217621745,0.782378255
50,40,50,10,0.205171692,0.794828308
50,40,50,20,0.209522244,0.790477756
50,40,50,30,0.214327766,0.785672234
50,40,50,40,0.223254226,0.776745774
50,40,50,50,0.223551548,0.776448452
50,40,50,60,0.218712498,0.781287502
50,40,60,10,0.205959882,0.794040118
50,40,60,20,0.210143604,0.789856396
50,40,60,30,0.214238751,0.785761249
50,40,60,40,0.222550907,0.777449093
50,40,60,50,0.222989423,0.777010577
50,40,60,60,0.218235989,0.781764011
50,50,10,10,0.186955589,0.813044411
50,50,10,20,0.189930469,0.810069531
50,50,10,30,0.195438514,0.804561486
50,50,10,40,0.206340014,0.793659986
50,50,10,50,0.208001834,0.791998166
50,50,10,60,0.205123429,0.794876571
50,50,20,10,0.188784144,0.811215856
50,50,20,20,0.192158015,0.807841985
50,50,20,30,0.197141156,0.802858844
50,50,20,40,0.208122195,0.791877805
50,50,20,50,0.209660501,0.790339499
50,50,20,60,0.20661104,0.79338896
50,50,30,10,0.191157005,0.808842995
50,50,30,20,0.19484582,0.80515418
50,50,30,30,0.199208863,0.800791137
50,50,30,40,0.210146977,0.789853023
50,50,30,50,0.211405578,0.788594422
50,50,30,60,0.208094148,0.791905852
50,50,40,10,0.193728813,0.806271187
50,50,40,20,0.197398146,0.802601854
50,50,40,30,0.201949208,0.798050792
50,50,40,40,0.212140602,0.787859398
50,50,40,50,0.213127398,0.786872602
50,50,40,60,0.209599232,0.790400768
50,50,50,10,0.195733166,0.804266834
50,50,50,20,0.199265483,0.800734517
50,50,50,30,0.203972173,0.796027827
50,50,50,40,0.213584195,0.786415805
50,50,50,50,0.214400012,0.785599988
50,50,50,60,0.210785196,0.789214804
50,50,60,10,0.196144606,0.803855394
50,50,60,20,0.199744451,0.800255549
50,50,60,30,0.204094981,0.795905019
50,50,60,40,0.213113086,0.786886914
50,50,60,50,0.21395531,0.78604469
50,50,60,60,0.210526693,0.789473307
50,60,10,10,0.225824271,0.774175729
50,60,10,20,0.227052053,0.772947947
50,60,10,30,0.230936467,0.769063533
50,60,10,40,0.238854867,0.761145133
50,60,10,50,0.237717749,0.762282251
50,60,10,60,0.232752789,0.767247211
50,60,20,10,0.226053981,0.773946019
50,60,20,20,0.227764668,0.772235332
50,60,20,30,0.231509714,0.768490286
50,60,20,40,0.239695595,0.760304405
50,60,20,50,0.238535129,0.761464871
50,60,20,60,0.233582627,0.766417373
50,60,30,10,0.22635188,0.77364812
50,60,30,20,0.22841756,0.77158244
50,60,30,30,0.231702407,0.768297593
50,60,30,40,0.240235766,0.759764234
50,60,30,50,0.23914438,0.76085562
50,60,30,60,0.234117998,0.765882002
50,60,40,10,0.226426993,0.773573007
50,60,40,20,0.228905311,0.771094689
50,60,40,30,0.232421573,0.767578427
50,60,40,40,0.240616126,0.759383874
50,60,40,50,0.239572057,0.760427943
50,60,40,60,0.2345734,0.7654266
50,60,50,10,0.22638421,0.77361579
50,60,50,20,0.229097052,0.770902948
50,60,50,30,0.232457583,0.767542417
50,60,50,40,0.240313822,0.759686178
50,60,50,50,0.239431688,0.760568312
50,60,50,60,0.234517354,0.765482646
50,60,60,10,0.224893353,0.775106647
50,60,60,20,0.227590463,0.772409537
50,60,60,30,0.230661332,0.769338668
50,60,60,40,0.238405708,0.761594292
50,60,60,50,0.237732741,0.762267259
50,60,60,60,0.232959899,0.767040101
60,10,10,10,0.573906857,0.426093143
60,10,10,20,0.561158498,0.438841502
60,10,10,30,0.533104235,0.466895765
60,10,10,40,0.485518285,0.514481715
60,10,10,50,0.42891443,0.57108557
60,10,10,60,0.380330408,0.619669592
60,10,20,10,0.553394018,0.446605982
60,10,20,20,0.54417287,0.45582713
60,10,20,30,0.518553486,0.481446514
60,10,20,40,0.478001839,0.521998161
60,10,20,50,0.425398828,0.574601172
60,10,20,60,0.37870412,0.62129588
60,10,30,10,0.525819186,0.474180814
60,10,30,20,0.520086258,0.479913742
60,10,30,30,0.498156486,0.501843514
60,10,30,40,0.465121865,0.534878135
60,10,30,50,0.418276253,0.581723747
60,10,30,60,0.374964559,0.625035441
60,10,40,10,0.496612048,0.503387952
60,10,40,20,0.493910041,0.506089959
60,10,40,30,0.477436409,0.522563591
60,10,40,40,0.450510917,0.549489083
60,10,40,50,0.409337161,0.590662839
60,10,40,60,0.369755523,0.630244477
60,10,50,10,0.465996796,0.534003204
60,10,50,20,0.465645592,0.534354408
60,10,50,30,0.454022203,0.545977797
60,10,50,40,0.432647029,0.567352971
60,10,50,50,0.397603748,0.602396252
60,10,50,60,0.362124879,0.637875121
60,10,60,10,0.432155311,0.567844689
60,10,60,20,0.433476009,0.566523991
60,10,60,30,0.42499752,0.57500248
60,10,60,40,0.410208551,0.589791449
60,10,60,50,0.381378228,0.618621772
60,10,60,60,0.350686167,0.649313833
60,20,10,10,0.373332697,0.626667303
60,20,10,20,0.375730367,0.624269633
60,20,10,30,0.373581885,0.626418115
60,20,10,40,0.364827362,0.635172638
60,20,10,50,0.344364885,0.655635115
60,20,10,60,0.320207824,0.679792176
60,20,20,10,0.37159788,0.62840212
60,20,20,20,0.374601648,0.625398352
60,20,20,30,0.372019137,0.627980863
60,20,20,40,0.364532037,0.635467963
60,20,20,50,0.344458511,0.655541489
60,20,20,60,0.320749185,0.679250815
60,20,30,10,0.368487007,0.631512993
60,20,30,20,0.37167312,0.62832688
60,20,30,30,0.368103815,0.631896185
60,20,30,40,0.362298284,0.637701716
60,20,30,50,0.343287771,0.656712229
60,20,30,60,0.320141972,0.679858028
60,20,40,10,0.363622756,0.636377244
60,20,40,20,0.36701416,0.63298584
60,20,40,30,0.363941353,0.636058647
60,20,40,40,0.359066619,0.640933381
60,20,40,50,0.341211137,0.658788863
60,20,40,60,0.319000961,0.680999039
60,20,50,10,0.357105931,0.642894069
60,20,50,20,0.360764273,0.639235727
60,20,50,30,0.358315449,0.641684551
60,20,50,40,0.354105995,0.645894005
60,20,50,50,0.337481166,0.662518834
60,20,50,60,0.316421685,0.683578315
60,20,60,10,0.346580611,0.653419389
60,20,60,20,0.350291555,0.649708445
60,20,60,30,0.348356108,0.651643892
60,20,60,40,0.345232788,0.654767212
60,20,60,50,0.330715498,0.669284502
60,20,60,60,0.311286357,0.688713643
60,30,10,10,0.258881059,0.741118941
60,30,10,20,0.26299852,0.73700148
60,30,10,30,0.268841684,0.731158316
60,30,10,40,0.273654452,0.726345548
60,30,10,50,0.268843508,0.731156492
60,30,10,60,0.258709767,0.741290233
60,30,20,10,0.260861771,0.739138229
60,30,20,20,0.265516153,0.734483847
60,30,20,30,0.270243938,0.729756062
60,30,20,40,0.275361194,0.724638806
60,30,20,50,0.270285673,0.729714327
60,30,20,60,0.259853842,0.740146158
60,30,30,10,0.263220368,0.736779632
60,30,30,20,0.267983955,0.732016045
60,30,30,30,0.271388141,0.728611859
60,30,30,40,0.276796446,0.723203554
60,30,30,50,0.271459041,0.728540959
60,30,30,60,0.260832555,0.739167445
60,30,40,10,0.264630384,0.735369616
60,30,40,20,0.269383919,0.730616081
60,30,40,30,0.272668467,0.727331533
60,30,40,40,0.277791028,0.722208972
60,30,40,50,0.272345642,0.727654358
60,30,40,60,0.261811027,0.738188973
60,30,50,10,0.26515144,0.73484856
60,30,50,20,0.269664755,0.730335245
60,30,50,30,0.272600219,0.727399781
60,30,50,40,0.277337994,0.722662006
60,30,50,50,0.272174726,0.727825274
60,30,50,60,0.261644074,0.738355926
60,30,60,10,0.263218268,0.736781732
60,30,60,20,0.267615491,0.732384509
60,30,60,30,0.270134895,0.729865105
60,30,60,40,0.274516821,0.725483179
60,30,60,50,0.269738874,0.730261126
60,30,60,60,0.259461929,0.740538071
60,40,10,10,0.192176726,0.807823274
60,40,10,20,0.19628232,0.80371768
60,40,10,30,0.203362453,0.796637547
60,40,10,40,0.213943375,0.786056625
60,40,10,50,0.21501416,0.78498584
60,40,10,60,0.210972182,0.789027818
60,40,20,10,0.19460538,0.80539462
60,40,20,20,0.199241215,0.800758785
60,40,20,30,0.20568007,0.79431993
60,40,20,40,0.216128966,0.783871034
60,40,20,50,0.217043229,0.782956771
60,40,20,60,0.212539357,0.787460643
60,40,30,10,0.198100832,0.801899168
60,40,30,20,0.202863201,0.797136799
60,40,30,30,0.208318618,0.791681382
60,40,30,40,0.218538498,0.781461502
60,40,30,50,0.219114577,0.780885423
60,40,30,60,0.214331995,0.785668005
60,40,40,10,0.201296549,0.798703451
60,40,40,20,0.206082122,0.793917878
60,40,40,30,0.211349693,0.788650307
60,40,40,40,0.220883336,0.779116664
60,40,40,50,0.221201703,0.778798297
60,40,40,60,0.216217549,0.783782451
60,40,50,10,0.204079502,0.795920498
60,40,50,20,0.208751582,0.791248418
60,40,50,30,0.213505493,0.786494507
60,40,50,40,0.222344937,0.777655063
60,40,50,50,0.222485039,0.777514961
60,40,50,60,0.217502083,0.782497917
60,40,60,10,0.205168752,0.794831248
60,40,60,20,0.209606328,0.790393672
60,40,60,30,0.213759478,0.786240522
60,40,60,40,0.222010783,0.777989217
60,40,60,50,0.222102652,0.777897348
60,40,60,60,0.21719227,0.78280773
60,50,10,10,0.183457765,0.816542235
60,50,10,20,0.18691419,0.81308581
60,50,10,30,0.192863373,0.807136627
60,50,10,40,0.204116791,0.795883209
60,50,10,50,0.205998689,0.794001311
60,50,10,60,0.202983366,0.797016634
60,50,20,10,0.185583701,0.814416299
60,50,20,20,0.18948365,0.81051635
60,50,20,30,0.194809863,0.805190137
60,50,20,40,0.206271777,0.793728223
60,50,20,50,0.207845884,0.792154116
60,50,20,60,0.20459592,0.79540408
60,50,30,10,0.188527459,0.811472541
60,50,30,20,0.192470955,0.807529045
60,50,30,30,0.197350114,0.802649886
60,50,30,40,0.208559595,0.791440405
60,50,30,50,0.209832261,0.790167739
60,50,30,60,0.206281828,0.793718172
60,50,40,10,0.191356458,0.808643542
60,50,40,20,0.195262448,0.804737552
60,50,40,30,0.200475323,0.799524677
60,50,40,40,0.210785115,0.789214885
60,50,40,50,0.21176467,0.78823533
60,50,40,60,0.208008632,0.791991368
60,50,50,10,0.193692505,0.806307495
60,50,50,20,0.197840974,0.802159026
60,50,50,30,0.20273544,0.79726456
60,50,50,40,0.212355347,0.787644653
60,50,50,50,0.213091046,0.786908954
60,50,50,60,0.209399015,0.790600985
60,50,60,10,0.194656896,0.805343104
60,50,60,20,0.198812304,0.801187696
60,50,60,30,0.203119795,0.796880205
60,50,60,40,0.211967459,0.788032541
60,50,60,50,0.212796814,0.787203186
60,50,60,60,0.209189241,0.790810759
60,60,10,10,0.222227064,0.777772936
60,60,10,20,0.223708748,0.776291252
60,60,10,30,0.228065421,0.771934579
60,60,10,40,0.236495517,0.763504483
60,60,10,50,0.235640001,0.764359999
60,60,10,60,0.230536903,0.769463097
60,60,20,10,0.222695125,0.777304875
60,60,20,20,0.22468915,0.77531085
60,60,20,30,0.228758746,0.771241254
60,60,20,40,0.237506522,0.762493478
60,60,20,50,0.236625657,0.763374343
60,60,20,60,0.23144938,0.76855062
60,60,30,10,0.223331704,0.776668296
60,60,30,20,0.225732092,0.774267908
60,60,30,30,0.229245599,0.770754401
60,60,30,40,0.23825171,0.76174829
60,60,30,50,0.237375905,0.762624095
60,60,30,60,0.232146891,0.767853109
60,60,40,10,0.223834119,0.776165881
60,60,40,20,0.22673809,0.77326191
60,60,40,30,0.23032667,0.76967333
60,60,40,40,0.238860079,0.761139921
60,60,40,50,0.237905974,0.762094026
60,60,40,60,0.232782581,0.767217419
60,60,50,10,0.224182186,0.775817814
60,60,50,20,0.22720371,0.77279629
60,60,50,30,0.230645792,0.769354208
60,60,50,40,0.238909308,0.761090692
60,60,50,50,0.23789951,0.76210049
60,60,50,60,0.232841063,0.767158937
60,60,60,10,0.222945658,0.777054342
60,60,60,20,0.225846054,0.774153946
60,60,60,30,0.229085539,0.770914461
60,60,60,40,0.237072369,0.762927631
60,60,60,50,0.236277514,0.763722486
60,60,60,60,0.23152621,0.76847379
