,time.drive,time.bicycle,time.walk,time.transit,weighted.gini,MEM
0,10,10,10,10,0.38717910167487,0.61282089832513
1,10,10,10,20,0.4080274728520778,0.5919725271479221
2,10,10,10,30,0.45609275715290565,0.5439072428470944
3,10,10,10,40,0.47984188005780287,0.5201581199421972
4,10,10,10,50,0.4906983535018743,0.5093016464981257
5,10,10,10,60,0.49437277932356594,0.5056272206764341
6,10,10,20,10,0.39281512489861786,0.6071848751013822
7,10,10,20,20,0.4101184589325929,0.5898815410674071
8,10,10,20,30,0.4499438274544631,0.5500561725455368
9,10,10,20,40,0.470832344883579,0.529167655116421
10,10,10,20,50,0.4820454406210429,0.5179545593789572
11,10,10,20,60,0.4871336741695345,0.5128663258304655
12,10,10,30,10,0.38925296717217345,0.6107470328278266
13,10,10,30,20,0.40363192783513324,0.5963680721648668
14,10,10,30,30,0.4379194168212333,0.5620805831787667
15,10,10,30,40,0.4577987412632233,0.5422012587367767
16,10,10,30,50,0.4701039305265292,0.5298960694734708
17,10,10,30,60,0.47715689975061254,0.5228431002493874
18,10,10,40,10,0.3820829257612572,0.6179170742387428
19,10,10,40,20,0.39354251609290897,0.6064574839070911
20,10,10,40,30,0.4238216496513662,0.5761783503486337
21,10,10,40,40,0.443461644784336,0.556538355215664
22,10,10,40,50,0.4562839210949868,0.5437160789050133
23,10,10,40,60,0.4648284104501213,0.5351715895498788
24,10,10,50,10,0.38381682158313774,0.6161831784168623
25,10,10,50,20,0.3924555597604245,0.6075444402395755
26,10,10,50,30,0.41790119573618,0.58209880426382
27,10,10,50,40,0.4361573384341081,0.5638426615658919
28,10,10,50,50,0.4480116554901132,0.5519883445098868
29,10,10,50,60,0.4565320410052818,0.5434679589947182
30,10,10,60,10,0.38066100878104386,0.6193389912189562
31,10,10,60,20,0.38732722835118233,0.6126727716488176
32,10,10,60,30,0.4093453653646368,0.5906546346353632
33,10,10,60,40,0.42652875780769467,0.5734712421923054
34,10,10,60,50,0.4380569267539626,0.5619430732460373
35,10,10,60,60,0.4466618572867116,0.5533381427132884
36,10,20,10,10,0.3599742328213022,0.6400257671786977
37,10,20,10,20,0.36630071784820256,0.6336992821517975
38,10,20,10,30,0.3915579471252435,0.6084420528747565
39,10,20,10,40,0.4125405194056112,0.5874594805943888
40,10,20,10,50,0.4272593730994048,0.5727406269005952
41,10,20,10,60,0.43759018592322724,0.5624098140767728
42,10,20,20,10,0.3590716972389634,0.6409283027610366
43,10,20,20,20,0.3654471226722187,0.6345528773277813
44,10,20,20,30,0.3894065270733613,0.6105934729266387
45,10,20,20,40,0.40951457311552214,0.5904854268844779
46,10,20,20,50,0.423618695609341,0.5763813043906589
47,10,20,20,60,0.4339042516927448,0.5660957483072552
48,10,20,30,10,0.35764001755325203,0.642359982446748
49,10,20,30,20,0.3637186094035358,0.6362813905964642
50,10,20,30,30,0.38617579477858943,0.6138242052214106
51,10,20,30,40,0.4050864073202814,0.5949135926797187
52,10,20,30,50,0.41865521532239414,0.5813447846776059
53,10,20,30,60,0.42907714912703643,0.5709228508729636
54,10,20,40,10,0.3581888329657333,0.6418111670342668
55,10,20,40,20,0.3635378716703365,0.6364621283296634
56,10,20,40,30,0.38361840973518074,0.6163815902648193
57,10,20,40,40,0.4010232755516849,0.5989767244483151
58,10,20,40,50,0.41393154540153615,0.5860684545984638
59,10,20,40,60,0.4240780752714182,0.5759219247285818
60,10,20,50,10,0.3643770656961622,0.6356229343038378
61,10,20,50,20,0.3689481780353014,0.6310518219646986
62,10,20,50,30,0.3864385692580801,0.6135614307419199
63,10,20,50,40,0.4018576516886219,0.5981423483113781
64,10,20,50,50,0.41339424185704454,0.5866057581429555
65,10,20,50,60,0.42268765744272846,0.5773123425572715
66,10,20,60,10,0.36811662851259724,0.6318833714874028
67,10,20,60,20,0.3718433865864845,0.6281566134135155
68,10,20,60,30,0.3869867992266839,0.6130132007733161
69,10,20,60,40,0.40061151421950497,0.599388485780495
70,10,20,60,50,0.41096177315509336,0.5890382268449066
71,10,20,60,60,0.4195967705009508,0.5804032294990492
72,10,30,10,10,0.3233326984824822,0.6766673015175177
73,10,30,10,20,0.3263169467220514,0.6736830532779485
74,10,30,10,30,0.3409463804116886,0.6590536195883114
75,10,30,10,40,0.355770213530075,0.644229786469925
76,10,30,10,50,0.3680826587751979,0.631917341224802
77,10,30,10,60,0.3789953515680589,0.6210046484319411
78,10,30,20,10,0.3226070196305668,0.6773929803694332
79,10,30,20,20,0.32576662255653954,0.6742333774434605
80,10,30,20,30,0.34005213828704306,0.6599478617129569
81,10,30,20,40,0.35463601718482285,0.6453639828151772
82,10,30,20,50,0.3669791637854406,0.6330208362145594
83,10,30,20,60,0.37768652443097733,0.6223134755690227
84,10,30,30,10,0.32205595587019137,0.6779440441298086
85,10,30,30,20,0.3252257238430116,0.6747742761569884
86,10,30,30,30,0.33903590208117573,0.6609640979188243
87,10,30,30,40,0.3530945077424937,0.6469054922575064
88,10,30,30,50,0.3651159103281731,0.6348840896718269
89,10,30,30,60,0.37570252939525095,0.624297470604749
90,10,30,40,10,0.3230170702053394,0.6769829297946606
91,10,30,40,20,0.32607562116128935,0.6739243788387106
92,10,30,40,30,0.33912752202109175,0.6608724779789082
93,10,30,40,40,0.3525230628348197,0.6474769371651803
94,10,30,40,50,0.3638867667929542,0.6361132332070458
95,10,30,40,60,0.3740966593771645,0.6259033406228355
96,10,30,50,10,0.32779422140598113,0.6722057785940189
97,10,30,50,20,0.3306873389740083,0.6693126610259916
98,10,30,50,30,0.3426574779323873,0.6573425220676127
99,10,30,50,40,0.35507271664529944,0.6449272833547006
100,10,30,50,50,0.3654902633455331,0.634509736654467
101,10,30,50,60,0.37498314910872427,0.6250168508912757
102,10,30,60,10,0.332391365295084,0.6676086347049159
103,10,30,60,20,0.33490483258087195,0.6650951674191281
104,10,30,60,30,0.34581598261353563,0.6541840173864644
105,10,30,60,40,0.3571516805099974,0.6428483194900025
106,10,30,60,50,0.3665460631263711,0.6334539368736289
107,10,30,60,60,0.37528107652617587,0.6247189234738242
108,10,40,10,10,0.2850973046029734,0.7149026953970266
109,10,40,10,20,0.286965144637938,0.713034855362062
110,10,40,10,30,0.2970375130869547,0.7029624869130453
111,10,40,10,40,0.3091568370787615,0.6908431629212385
112,10,40,10,50,0.3207532475317165,0.6792467524682835
113,10,40,10,60,0.33194540331883426,0.6680545966811657
114,10,40,20,10,0.28488129477893886,0.7151187052210611
115,10,40,20,20,0.28684508762706207,0.7131549123729379
116,10,40,20,30,0.2968589590926732,0.7031410409073269
117,10,40,20,40,0.3088403406652959,0.691159659334704
118,10,40,20,50,0.32023847820056006,0.6797615217994399
119,10,40,20,60,0.3312063577096131,0.6687936422903868
120,10,40,30,10,0.2847983637003174,0.7152016362996826
121,10,40,30,20,0.2868303449512787,0.7131696550487213
122,10,40,30,30,0.29674176435895194,0.7032582356410481
123,10,40,30,40,0.30843670715328253,0.6915632928467175
124,10,40,30,50,0.3195837414650596,0.6804162585349405
125,10,40,30,60,0.33031807843107003,0.66968192156893
126,10,40,40,10,0.2860708042162377,0.7139291957837623
127,10,40,40,20,0.2881352251150261,0.7118647748849739
128,10,40,40,30,0.2977863180226424,0.7022136819773577
129,10,40,40,40,0.30904937441591834,0.6909506255840816
130,10,40,40,50,0.3197704076250602,0.6802295923749397
131,10,40,40,60,0.3300905843384154,0.6699094156615846
132,10,40,50,10,0.29054977634163054,0.7094502236583695
133,10,40,50,20,0.29253016686239586,0.7074698331376041
134,10,40,50,30,0.3016164073306962,0.6983835926693038
135,10,40,50,40,0.3122195295982456,0.6877804704017544
136,10,40,50,50,0.32233707722348776,0.6776629227765123
137,10,40,50,60,0.3320490518193865,0.6679509481806135
138,10,40,60,10,0.29530684829961673,0.7046931517003833
139,10,40,60,20,0.2971788236123194,0.7028211763876806
140,10,40,60,30,0.30567023567525026,0.6943297643247497
141,10,40,60,40,0.3155700719845078,0.6844299280154922
142,10,40,60,50,0.3250522887895947,0.6749477112104053
143,10,40,60,60,0.33406234927726686,0.6659376507227331
144,10,50,10,10,0.2491891112870494,0.7508108887129505
145,10,50,10,20,0.2508103277993644,0.7491896722006356
146,10,50,10,30,0.25949399605097145,0.7405060039490285
147,10,50,10,40,0.2715183692583206,0.7284816307416794
148,10,50,10,50,0.28491653594642913,0.7150834640535708
149,10,50,10,60,0.29880550557480284,0.7011944944251971
150,10,50,20,10,0.24933304987423374,0.7506669501257662
151,10,50,20,20,0.2511265011025297,0.7488734988974703
152,10,50,20,30,0.2598300485726755,0.7401699514273246
153,10,50,20,40,0.2716778104321625,0.7283221895678376
154,10,50,20,50,0.28493661370746826,0.7150633862925317
155,10,50,20,60,0.298522060696483,0.701477939303517
156,10,50,30,10,0.2498714402079159,0.7501285597920841
157,10,50,30,20,0.2517750232904643,0.7482249767095357
158,10,50,30,30,0.2603985896208572,0.7396014103791428
159,10,50,30,40,0.27193699525328013,0.7280630047467198
160,10,50,30,50,0.2848714100661242,0.7151285899338757
161,10,50,30,60,0.29810628879890927,0.7018937112010908
162,10,50,40,10,0.2513477109417609,0.7486522890582391
163,10,50,40,20,0.25338883146281826,0.7466111685371817
164,10,50,40,30,0.262031727407141,0.737968272592859
165,10,50,40,40,0.27338378488105697,0.726616215118943
166,10,50,40,50,0.28567964734922285,0.7143203526507771
167,10,50,40,60,0.29829147461019034,0.7017085253898097
168,10,50,50,10,0.25559067288816656,0.7444093271118335
169,10,50,50,20,0.2575805214044458,0.7424194785955542
170,10,50,50,30,0.2661569284235571,0.7338430715764429
171,10,50,50,40,0.27699852907068445,0.7230014709293155
172,10,50,50,50,0.28854882580743385,0.7114511741925662
173,10,50,50,60,0.3002636937980339,0.6997363062019661
174,10,50,60,10,0.26087885483958195,0.739121145160418
175,10,50,60,20,0.2627718216450945,0.7372281783549055
176,10,50,60,30,0.2709186325432586,0.7290813674567413
177,10,50,60,40,0.28113483863031113,0.7188651613696888
178,10,50,60,50,0.2919027717375069,0.7080972282624931
179,10,50,60,60,0.3028493482231846,0.6971506517768153
180,10,60,10,10,0.22478511542432447,0.7752148845756756
181,10,60,10,20,0.2271893782048324,0.7728106217951676
182,10,60,10,30,0.2368569929612543,0.7631430070387457
183,10,60,10,40,0.25019218661955916,0.7498078133804409
184,10,60,10,50,0.2657300287459965,0.7342699712540035
185,10,60,10,60,0.2822487763249957,0.7177512236750043
186,10,60,20,10,0.22495237941345061,0.7750476205865494
187,10,60,20,20,0.22749041673381984,0.7725095832661801
188,10,60,20,30,0.23713527134675605,0.762864728653244
189,10,60,20,40,0.25044174345006986,0.7495582565499301
190,10,60,20,50,0.26583763324329457,0.7341623667567054
191,10,60,20,60,0.2820239425202022,0.7179760574797978
192,10,60,30,10,0.22560363308560805,0.774396366914392
193,10,60,30,20,0.2282838296395245,0.7717161703604755
194,10,60,30,30,0.23798393151932037,0.7620160684806796
195,10,60,30,40,0.251047511031075,0.748952488968925
196,10,60,30,50,0.2661000252298256,0.7338999747701744
197,10,60,30,60,0.28188149040266414,0.7181185095973359
198,10,60,40,10,0.22718788645387003,0.77281211354613
199,10,60,40,20,0.22989243784434477,0.7701075621556552
200,10,60,40,30,0.23997122854154804,0.7600287714584519
201,10,60,40,40,0.2526956193272567,0.7473043806727433
202,10,60,40,50,0.26710372383619996,0.7328962761638
203,10,60,40,60,0.28221675721935957,0.7177832427806404
204,10,60,50,10,0.23139457506056882,0.7686054249394312
205,10,60,50,20,0.2342182473991654,0.7657817526008346
206,10,60,50,30,0.24420010102635897,0.755799898973641
207,10,60,50,40,0.2566094183874289,0.7433905816125711
208,10,60,50,50,0.2701605763165388,0.7298394236834612
209,10,60,50,60,0.28433621179329344,0.7156637882067065
210,10,60,60,10,0.2369412856301401,0.76305871436986
211,10,60,60,20,0.23958634096986928,0.7604136590301307
212,10,60,60,30,0.2492648470384046,0.7507351529615954
213,10,60,60,40,0.2610715772279175,0.7389284227720825
214,10,60,60,50,0.27364173499434347,0.7263582650056566
215,10,60,60,60,0.28685349729992776,0.7131465027000723
216,20,10,10,10,0.36538349960337263,0.6346165003966273
217,20,10,10,20,0.38777133277744213,0.6122286672225579
218,20,10,10,30,0.43986832947928756,0.5601316705207124
219,20,10,10,40,0.4682497573145617,0.5317502426854384
220,20,10,10,50,0.4819811017754046,0.5180188982245955
221,20,10,10,60,0.48766932939389734,0.5123306706061026
222,20,10,20,10,0.3730584687993546,0.6269415312006454
223,20,10,20,20,0.3918773194145477,0.6081226805854523
224,20,10,20,30,0.43501177734397584,0.5649882226560241
225,20,10,20,40,0.45996465251253343,0.5400353474874666
226,20,10,20,50,0.47370720776383446,0.5262927922361655
227,20,10,20,60,0.48056182142510784,0.5194381785748922
228,20,10,30,10,0.37286420084066063,0.6271357991593394
229,20,10,30,20,0.3881458792807753,0.6118541207192247
230,20,10,30,30,0.4249892593698132,0.5750107406301868
231,20,10,30,40,0.44781520432021993,0.5521847956797801
232,20,10,30,50,0.46240569215646143,0.5375943078435386
233,20,10,30,60,0.47101729167444173,0.5289827083255583
234,20,10,40,10,0.36964123242103974,0.6303587675789603
235,20,10,40,20,0.38168448912274505,0.6183155108772549
236,20,10,40,30,0.4132921408406005,0.5867078591593995
237,20,10,40,40,0.4349940447359018,0.5650059552640982
238,20,10,40,50,0.4497374312117969,0.5502625687882031
239,20,10,40,60,0.45947764977797656,0.5405223502220234
240,20,10,50,10,0.37468236631279994,0.6253176336872001
241,20,10,50,20,0.3836969425070138,0.6163030574929862
242,20,10,50,30,0.41000965659234917,0.5899903434076508
243,20,10,50,40,0.42959473469137016,0.5704052653086298
244,20,10,50,50,0.4427325999035675,0.5572674000964325
245,20,10,50,60,0.4521083729477645,0.5478916270522355
246,20,10,60,10,0.37413431685458043,0.6258656831454196
247,20,10,60,20,0.3809266465838027,0.6190733534161973
248,20,10,60,30,0.4033258137974926,0.5966741862025073
249,20,10,60,40,0.42132687177456435,0.5786731282254356
250,20,10,60,50,0.4337156197470211,0.5662843802529789
251,20,10,60,60,0.4430377874019683,0.5569622125980317
252,20,20,10,10,0.35530473565577236,0.6446952643442276
253,20,20,10,20,0.36154373104294946,0.6384562689570505
254,20,20,10,30,0.38690213739480045,0.6130978626051995
255,20,20,10,40,0.40835140701162737,0.5916485929883726
256,20,20,10,50,0.42360694477299027,0.5763930552270098
257,20,20,10,60,0.4344591511826395,0.5655408488173606
258,20,20,20,10,0.3540546286517662,0.6459453713482338
259,20,20,20,20,0.36046018571806465,0.6395398142819353
260,20,20,20,30,0.3846854365058053,0.6153145634941948
261,20,20,20,40,0.4052501848164914,0.5947498151835087
262,20,20,20,50,0.41994659381334387,0.5800534061866561
263,20,20,20,60,0.43065553410338786,0.5693444658966121
264,20,20,30,10,0.35269480674227666,0.6473051932577234
265,20,20,30,20,0.35881926946044723,0.6411807305395527
266,20,20,30,30,0.38146097593099904,0.618539024069001
267,20,20,30,40,0.4007937541552276,0.5992062458447724
268,20,20,30,50,0.41498000318171624,0.5850199968182838
269,20,20,30,60,0.4258747672483485,0.5741252327516515
270,20,20,40,10,0.35371380965676286,0.6462861903432371
271,20,20,40,20,0.3591546540148754,0.6408453459851247
272,20,20,40,30,0.3794339993386434,0.6205660006613566
273,20,20,40,40,0.3971925479170609,0.6028074520829392
274,20,20,40,50,0.41063351316378277,0.5893664868362172
275,20,20,40,60,0.42121412034473277,0.5787858796552672
276,20,20,50,10,0.3604968137631534,0.6395031862368465
277,20,20,50,20,0.3651101879216796,0.6348898120783204
278,20,20,50,30,0.3826993473775485,0.6173006526224515
279,20,20,50,40,0.3984696048237733,0.6015303951762268
280,20,20,50,50,0.4103982030092466,0.5896017969907534
281,20,20,50,60,0.4201189504178656,0.5798810495821344
282,20,20,60,10,0.3648503830250889,0.6351496169749111
283,20,20,60,20,0.3685810053169684,0.6314189946830315
284,20,20,60,30,0.38379555957501404,0.616204440424986
285,20,20,60,40,0.3976689883667752,0.6023310116332248
286,20,20,60,50,0.40830582241635643,0.5916941775836435
287,20,20,60,60,0.41728295564487533,0.5827170443551246
288,20,30,10,10,0.3212679759011723,0.6787320240988277
289,20,30,10,20,0.3242613462842781,0.675738653715722
290,20,30,10,30,0.33888263075797936,0.6611173692420207
291,20,30,10,40,0.35379938573331604,0.646200614266684
292,20,30,10,50,0.3661233148525056,0.6338766851474944
293,20,30,10,60,0.377233673059884,0.622766326940116
294,20,30,20,10,0.3204934130240268,0.6795065869759732
295,20,30,20,20,0.323627700042394,0.6763722999576061
296,20,30,20,30,0.33797917911342923,0.6620208208865708
297,20,30,20,40,0.3526398496851696,0.6473601503148304
298,20,30,20,50,0.36502438752116556,0.6349756124788344
299,20,30,20,60,0.3759211706964787,0.6240788293035213
300,20,30,30,10,0.3198776509581396,0.6801223490418604
301,20,30,30,20,0.3230499629698475,0.6769500370301524
302,20,30,30,30,0.3369149856961125,0.6630850143038876
303,20,30,30,40,0.3510841374335703,0.6489158625664297
304,20,30,30,50,0.3631734807257087,0.6368265192742912
305,20,30,30,60,0.37393109694896143,0.6260689030510386
306,20,30,40,10,0.32092948138065747,0.6790705186193425
307,20,30,40,20,0.3239950922354556,0.6760049077645445
308,20,30,40,30,0.33706025437118825,0.6629397456288117
309,20,30,40,40,0.3505456043778337,0.6494543956221663
310,20,30,40,50,0.3619569250669954,0.6380430749330046
311,20,30,40,60,0.3723525113470777,0.6276474886529223
312,20,30,50,10,0.32586866434014244,0.6741313356598575
313,20,30,50,20,0.3287206966461992,0.6712793033538008
314,20,30,50,30,0.34071818693613015,0.6592818130638698
315,20,30,50,40,0.35322600180895714,0.6467739981910429
316,20,30,50,50,0.3636775990483618,0.6363224009516382
317,20,30,50,60,0.3733628418250861,0.6266371581749139
318,20,30,60,10,0.3307246029203082,0.6692753970796919
319,20,30,60,20,0.3332431076065613,0.6667568923934387
320,20,30,60,30,0.3441728127745411,0.6558271872254589
321,20,30,60,40,0.3555416924420733,0.6444583075579267
322,20,30,60,50,0.36496346114169925,0.6350365388583008
323,20,30,60,60,0.3738695799097398,0.6261304200902602
324,20,40,10,10,0.28378492414125317,0.7162150758587469
325,20,40,10,20,0.2856497991158118,0.7143502008841882
326,20,40,10,30,0.2957362964601513,0.7042637035398487
327,20,40,10,40,0.30789441740581525,0.6921055825941848
328,20,40,10,50,0.31959062055062426,0.6804093794493757
329,20,40,10,60,0.3308294228013907,0.6691705771986093
330,20,40,20,10,0.28351250024487834,0.7164874997551216
331,20,40,20,20,0.28547349268556954,0.7145265073144305
332,20,40,20,30,0.295504241031521,0.704495758968479
333,20,40,20,40,0.30753031588928476,0.6924696841107152
334,20,40,20,50,0.3190121105078044,0.6809878894921956
335,20,40,20,60,0.33006096959606196,0.6699390304039381
336,20,40,30,10,0.2833838106666384,0.7166161893333616
337,20,40,30,20,0.28542131782990815,0.7145786821700919
338,20,40,30,30,0.29534802936033483,0.7046519706396652
339,20,40,30,40,0.3071085518646013,0.6928914481353987
340,20,40,30,50,0.31832995115928037,0.6816700488407197
341,20,40,30,60,0.32915528155615786,0.6708447184438422
342,20,40,40,10,0.28468963149540494,0.7153103685045951
343,20,40,40,20,0.28675144312187006,0.7132485568781299
344,20,40,40,30,0.29640773031651163,0.7035922696834884
345,20,40,40,40,0.30772607890750114,0.6922739210924989
346,20,40,40,50,0.31851507737411927,0.6814849226258808
347,20,40,40,60,0.3289340944633287,0.6710659055366712
348,20,40,50,10,0.2893056701646009,0.7106943298353992
349,20,40,50,20,0.2912868638608577,0.7087131361391423
350,20,40,50,30,0.300365765872914,0.699634234127086
351,20,40,50,40,0.3110164446242212,0.6889835553757788
352,20,40,50,50,0.32119306800736075,0.6788069319926393
353,20,40,50,60,0.3310100455790144,0.6689899544209856
354,20,40,60,10,0.2941504249742082,0.7058495750257918
355,20,40,60,20,0.2960199747126025,0.7039800252873976
356,20,40,60,30,0.30451297380318254,0.6954870261968175
357,20,40,60,40,0.31445133249173907,0.6855486675082609
358,20,40,60,50,0.3239854169935633,0.6760145830064367
359,20,40,60,60,0.3330985929320898,0.6669014070679102
360,20,50,10,10,0.24842993710907812,0.7515700628909219
361,20,50,10,20,0.25001393152809126,0.7499860684719087
362,20,50,10,30,0.25864238752827096,0.741357612471729
363,20,50,10,40,0.2706845312662398,0.7293154687337602
364,20,50,10,50,0.2840440352396033,0.7159559647603967
365,20,50,10,60,0.29795521383330215,0.7020447861666979
366,20,50,20,10,0.24844355076199648,0.7515564492380036
367,20,50,20,20,0.25019477371781307,0.7498052262821869
368,20,50,20,30,0.2588929007664427,0.7411070992335573
369,20,50,20,40,0.27077440464819497,0.729225595351805
370,20,50,20,50,0.28400999379663033,0.7159900062033697
371,20,50,20,60,0.29764377702955996,0.7023562229704401
372,20,50,30,10,0.24888197795727576,0.7511180220427243
373,20,50,30,20,0.25077740429793577,0.7492225957020642
374,20,50,30,30,0.25938044463281423,0.7406195553671857
375,20,50,30,40,0.2709806026554422,0.7290193973445578
376,20,50,30,50,0.2838780603833948,0.7161219396166052
377,20,50,30,60,0.2971580373099305,0.7028419626900695
378,20,50,40,10,0.2503381125495507,0.7496618874504493
379,20,50,40,20,0.25237574073058144,0.7476242592694186
380,20,50,40,30,0.2610441532205136,0.7389558467794863
381,20,50,40,40,0.2724355463757479,0.727564453624252
382,20,50,40,50,0.2847148411807391,0.7152851588192609
383,20,50,40,60,0.29736477026699554,0.7026352297330045
384,20,50,50,10,0.25477907103437114,0.7452209289656289
385,20,50,50,20,0.25675790790115055,0.7432420920988494
386,20,50,50,30,0.2652988854310116,0.7347011145689883
387,20,50,50,40,0.2761577232131484,0.7238422767868515
388,20,50,50,50,0.28771855505166377,0.7122814449483362
389,20,50,50,60,0.2994911318491776,0.7005088681508225
390,20,50,60,10,0.26011188459963674,0.7398881154003633
391,20,50,60,20,0.26199968573963384,0.7380003142603662
392,20,50,60,30,0.2701036321496379,0.729896367850362
393,20,50,60,40,0.2803418071066102,0.7196581928933898
394,20,50,60,50,0.2911262391703076,0.7088737608296924
395,20,50,60,60,0.3021050935303215,0.6978949064696784
396,20,60,10,10,0.22429728000172075,0.7757027199982792
397,20,60,10,20,0.22667947752231765,0.7733205224776823
398,20,60,10,30,0.23627284578862662,0.7637271542113734
399,20,60,10,40,0.24956535971911056,0.7504346402808895
400,20,60,10,50,0.2650313699802455,0.7349686300197544
401,20,60,10,60,0.28153019521585276,0.7184698047841472
402,20,60,20,10,0.22436309962018444,0.7756369003798156
403,20,60,20,20,0.2268679389852812,0.7731320610147188
404,20,60,20,30,0.2364745280061335,0.7635254719938664
405,20,60,20,40,0.24974982843845558,0.7502501715615444
406,20,60,20,50,0.2650864756504011,0.7349135243495989
407,20,60,20,60,0.28127480655511955,0.7187251934448804
408,20,60,30,10,0.22487775453704764,0.7751222454629524
409,20,60,30,20,0.22755098361638867,0.7724490163836113
410,20,60,30,30,0.23718066165146137,0.7628193383485387
411,20,60,30,40,0.2502478811594704,0.7497521188405296
412,20,60,30,50,0.2652555444287198,0.7347444555712802
413,20,60,30,60,0.2810366125451872,0.7189633874548128
414,20,60,40,10,0.22650058024235217,0.7734994197576478
415,20,60,40,20,0.22921481799326326,0.7707851820067367
416,20,60,40,30,0.23918535653748627,0.7608146434625137
417,20,60,40,40,0.2519365848587523,0.7480634151412477
418,20,60,40,50,0.2662510873752079,0.733748912624792
419,20,60,40,60,0.2813621357745959,0.7186378642254041
420,20,60,50,10,0.2307686341397451,0.7692313658602549
421,20,60,50,20,0.23359169224868015,0.7664083077513199
422,20,60,50,30,0.24350369373104477,0.7564963062689553
423,20,60,50,40,0.25588231179500215,0.7441176882049978
424,20,60,50,50,0.26938418123843183,0.7306158187615681
425,20,60,50,60,0.28357430357879826,0.7164256964212017
426,20,60,60,10,0.23644703200339526,0.7635529679966048
427,20,60,60,20,0.23906558321336552,0.7609344167866345
428,20,60,60,30,0.24867632047171298,0.751323679528287
429,20,60,60,40,0.260429046316568,0.7395709536834321
430,20,60,60,50,0.2729678267466077,0.7270321732533923
431,20,60,60,60,0.2861570319263977,0.7138429680736023
432,30,10,10,10,0.36252928782397204,0.6374707121760279
433,30,10,10,20,0.3859089771793231,0.6140910228206768
434,30,10,10,30,0.4403917139395395,0.5596082860604605
435,30,10,10,40,0.4698707980667493,0.5301292019332506
436,30,10,10,50,0.4837384423419128,0.5162615576580871
437,30,10,10,60,0.4890222334197543,0.5109777665802457
438,30,10,20,10,0.3700493925592091,0.6299506074407909
439,30,10,20,20,0.38978262858175816,0.6102173714182418
440,30,10,20,30,0.4348314838824516,0.5651685161175484
441,30,10,20,40,0.4609125287429507,0.5390874712570493
442,30,10,20,50,0.4749579897899717,0.5250420102100283
443,30,10,20,60,0.4816516168786977,0.5183483831213023
444,30,10,30,10,0.36994585390570484,0.6300541460942952
445,30,10,30,20,0.38600733351423466,0.6139926664857653
446,30,10,30,30,0.42423024780774254,0.5757697521922575
447,30,10,30,40,0.44821963713427154,0.5517803628657285
448,30,10,30,50,0.46325479306268597,0.536745206937314
449,30,10,30,60,0.4718514844520955,0.5281485155479044
450,30,10,40,10,0.3669013419268157,0.6330986580731843
451,30,10,40,20,0.3794087506569638,0.6205912493430362
452,30,10,40,30,0.4122450837765792,0.5877549162234208
453,30,10,40,40,0.4350209136359303,0.5649790863640697
454,30,10,40,50,0.45019510916305266,0.5498048908369473
455,30,10,40,60,0.46002221075265126,0.5399777892473487
456,30,10,50,10,0.37225637051459204,0.627743629485408
457,30,10,50,20,0.3815554015512831,0.6184445984487169
458,30,10,50,30,0.4088093809561508,0.5911906190438492
459,30,10,50,40,0.4292028111228004,0.5707971888771997
460,30,10,50,50,0.4428499008096765,0.5571500991903235
461,30,10,50,60,0.4523622413888226,0.5476377586111774
462,30,10,60,10,0.3721330914728251,0.6278669085271749
463,30,10,60,20,0.3791639267563633,0.6208360732436367
464,30,10,60,30,0.40216034146515633,0.5978396585348437
465,30,10,60,40,0.4208190590840413,0.5791809409159587
466,30,10,60,50,0.4335882897317103,0.5664117102682897
467,30,10,60,60,0.44312426028168156,0.5568757397183184
468,30,20,10,10,0.3544562580595618,0.6455437419404382
469,30,20,10,20,0.36075043505279303,0.639249564947207
470,30,20,10,30,0.38651956932355663,0.6134804306764434
471,30,20,10,40,0.40842923965210237,0.5915707603478977
472,30,20,10,50,0.42402564534029286,0.5759743546597071
473,30,20,10,60,0.4349210524737262,0.5650789475262739
474,30,20,20,10,0.35308269626261846,0.6469173037373815
475,30,20,20,20,0.3595695847058554,0.6404304152941446
476,30,20,20,30,0.3841913358529908,0.6158086641470092
477,30,20,20,40,0.40519235094790673,0.5948076490520933
478,30,20,20,50,0.42023821794040905,0.579761782059591
479,30,20,20,60,0.43105930443871165,0.5689406955612883
480,30,20,30,10,0.35167195183140726,0.6483280481685927
481,30,20,30,20,0.35785635955157097,0.6421436404484291
482,30,20,30,30,0.38088571665112886,0.6191142833488712
483,30,20,30,40,0.4006460946175568,0.5993539053824433
484,30,20,30,50,0.41517799639217307,0.5848220036078269
485,30,20,30,60,0.4261969109837098,0.5738030890162902
486,30,20,40,10,0.3525758606268869,0.647424139373113
487,30,20,40,20,0.35807709975851415,0.6419229002414859
488,30,20,40,30,0.37874655000653795,0.6212534499934621
489,30,20,40,40,0.39689211541083713,0.6031078845891629
490,30,20,40,50,0.4106791530902216,0.5893208469097784
491,30,20,40,60,0.4213952629714491,0.578604737028551
492,30,20,50,10,0.3593980159155378,0.6406019840844621
493,30,20,50,20,0.3640427797388704,0.6359572202611297
494,30,20,50,30,0.3820151396906583,0.6179848603093416
495,30,20,50,40,0.3980863579727875,0.6019136420272124
496,30,20,50,50,0.4103323180097819,0.589667681990218
497,30,20,50,60,0.42019321467866644,0.5798067853213336
498,30,20,60,10,0.36391082555531107,0.6360891744446889
499,30,20,60,20,0.3676975874131465,0.6323024125868535
500,30,20,60,30,0.38313776932993804,0.616862230670062
501,30,20,60,40,0.3972796074464968,0.6027203925535032
502,30,20,60,50,0.40815275955550884,0.5918472404444912
503,30,20,60,60,0.417306401978726,0.582693598021274
504,30,30,10,10,0.3215391289617596,0.6784608710382404
505,30,30,10,20,0.324478664641749,0.675521335358251
506,30,30,10,30,0.3391233379852749,0.6608766620147251
507,30,30,10,40,0.3541029760829609,0.6458970239170392
508,30,30,10,50,0.36651112857437923,0.6334888714256208
509,30,30,10,60,0.37758528116657436,0.6224147188334257
510,30,30,20,10,0.3206298294530517,0.6793701705469484
511,30,30,20,20,0.32372252512267774,0.6762774748773223
512,30,30,20,30,0.33811838109095677,0.6618816189090433
513,30,30,20,40,0.35284548443619035,0.6471545155638097
514,30,30,20,50,0.3653303955611927,0.6346696044388074
515,30,30,20,60,0.37622591743910094,0.6237740825608991
516,30,30,30,10,0.3198381344488946,0.6801618655511055
517,30,30,30,20,0.32299260951002495,0.677007390489975
518,30,30,30,30,0.3369084821698187,0.6630915178301813
519,30,30,30,40,0.351173663415235,0.6488263365847651
520,30,30,30,50,0.3633847915316754,0.6366152084683245
521,30,30,30,60,0.3741656207771708,0.6258343792228291
522,30,30,40,10,0.32070119474947556,0.6792988052505244
523,30,30,40,20,0.3237441696123939,0.6762558303876061
524,30,30,40,30,0.3368862482959543,0.6631137517040457
525,30,30,40,40,0.3504721198254554,0.6495278801745445
526,30,30,40,50,0.3620373609819536,0.6379626390180464
527,30,30,40,60,0.3724635506160936,0.6275364493839064
528,30,30,50,10,0.3255501564815774,0.6744498435184225
529,30,30,50,20,0.32840969237648676,0.6715903076235132
530,30,30,50,30,0.34050859776727055,0.6594914022327294
531,30,30,50,40,0.35309475050160916,0.6469052494983909
532,30,30,50,50,0.36365846844696353,0.6363415315530365
533,30,30,50,60,0.37342158031866224,0.6265784196813378
534,30,30,60,10,0.33041770953392396,0.669582290466076
535,30,30,60,20,0.3329198662723081,0.6670801337276919
536,30,30,60,30,0.34392303739067015,0.6560769626093299
537,30,30,60,40,0.35534938597940313,0.6446506140205969
538,30,30,60,50,0.3648704376952857,0.6351295623047143
539,30,30,60,60,0.3738708653426031,0.626129134657397
540,30,40,10,10,0.2842848011866825,0.7157151988133175
541,30,40,10,20,0.2860941492724739,0.7139058507275261
542,30,40,10,30,0.29616855719693563,0.7038314428030643
543,30,40,10,40,0.3083608929533362,0.6916391070466639
544,30,40,10,50,0.32008676393213986,0.6799132360678601
545,30,40,10,60,0.331293846118,0.668706153882
546,30,40,20,10,0.2839021213161814,0.7160978786838186
547,30,40,20,20,0.28583359059425173,0.7141664094057483
548,30,40,20,30,0.2958410123831966,0.7041589876168034
549,30,40,20,40,0.3078965615264715,0.6921034384735285
550,30,40,20,50,0.31941644050716944,0.6805835594928306
551,30,40,20,60,0.33045171519543776,0.6695482848045622
552,30,40,30,10,0.28367364146937407,0.7163263585306259
553,30,40,30,20,0.2856861047281988,0.7143138952718012
554,30,40,30,30,0.29560366472313987,0.7043963352768601
555,30,40,30,40,0.3074007465619812,0.6925992534380188
556,30,40,30,50,0.31865616217540754,0.6813438378245924
557,30,40,30,60,0.32947287977011736,0.6705271202298826
558,30,40,40,10,0.2848362499497992,0.7151637500502008
559,30,40,40,20,0.2868817706231366,0.7131182293768634
560,30,40,40,30,0.29655319405822,0.70344680594178
561,30,40,40,40,0.3079379448682661,0.6920620551317339
562,30,40,40,50,0.31877712168420885,0.6812228783157912
563,30,40,40,60,0.32919036949194647,0.6708096305080535
564,30,40,50,10,0.28933698281705555,0.7106630171829444
565,30,40,50,20,0.291298832163811,0.708701167836189
566,30,40,50,30,0.30041893909298945,0.6995810609070106
567,30,40,50,40,0.3111271433022414,0.6888728566977587
568,30,40,50,50,0.32135832281164045,0.6786416771883595
569,30,40,50,60,0.3311665084930021,0.6688334915069979
570,30,40,60,10,0.29413288842895047,0.7058671115710495
571,30,40,60,20,0.2959776836030765,0.7040223163969235
572,30,40,60,30,0.30450545786074673,0.6954945421392533
573,30,40,60,40,0.3144930338296536,0.6855069661703463
574,30,40,60,50,0.3240774975945603,0.6759225024054397
575,30,40,60,60,0.33320733743788233,0.6667926625621177
576,30,50,10,10,0.24907570588699124,0.7509242941130088
577,30,50,10,20,0.25063702234502555,0.7493629776549744
578,30,50,10,30,0.25919765085172825,0.7408023491482718
579,30,50,10,40,0.27120184124647845,0.7287981587535215
580,30,50,10,50,0.2845957877124977,0.7154042122875023
581,30,50,10,60,0.2985098259392755,0.7014901740607244
582,30,50,20,10,0.24900406114009738,0.7509959388599026
583,30,50,20,20,0.25071830831112923,0.7492816916888707
584,30,50,20,30,0.2593738531121549,0.7406261468878451
585,30,50,20,40,0.2712346407179131,0.7287653592820869
586,30,50,20,50,0.2845027174168998,0.7154972825831002
587,30,50,20,60,0.2981426708362055,0.7018573291637945
588,30,50,30,10,0.24931497791878132,0.7506850220812187
589,30,50,30,20,0.2511771183394948,0.7488228816605051
590,30,50,30,30,0.2597809815215271,0.7402190184784729
591,30,50,30,40,0.27138482730780744,0.7286151726921926
592,30,50,30,50,0.28430636688645133,0.7156936331135486
593,30,50,30,60,0.2975912574042612,0.7024087425957388
594,30,50,40,10,0.25062959567484927,0.7493704043251508
595,30,50,40,20,0.2526427753180867,0.7473572246819133
596,30,50,40,30,0.2613333910352894,0.7386666089647106
597,30,50,40,40,0.27273518327488033,0.7272648167251197
598,30,50,40,50,0.28505189884038085,0.7149481011596192
599,30,50,40,60,0.2977143272673888,0.7022856727326112
600,30,50,50,10,0.25495476328812183,0.7450452367118782
601,30,50,50,20,0.2569246131728459,0.7430753868271541
602,30,50,50,30,0.2655019585501685,0.7344980414498314
603,30,50,50,40,0.276391527575202,0.723608472424798
604,30,50,50,50,0.28796006384037165,0.7120399361596284
605,30,50,50,60,0.2997488231341931,0.7002511768658068
606,30,50,60,10,0.26025454764737255,0.7397454523526275
607,30,50,60,20,0.2621319454632043,0.7378680545367957
608,30,50,60,30,0.2702855742119474,0.7297144257880526
609,30,50,60,40,0.2805368234167796,0.7194631765832205
610,30,50,60,50,0.29133870814903606,0.7086612918509639
611,30,50,60,60,0.30232611790262254,0.6976738820973775
612,30,60,10,10,0.22538252314083648,0.7746174768591635
613,30,60,10,20,0.22766198886417113,0.7723380111358289
614,30,60,10,30,0.2371847620748308,0.7628152379251691
615,30,60,10,40,0.25031882109415926,0.7496811789058407
616,30,60,10,50,0.2657340417102694,0.7342659582897306
617,30,60,10,60,0.2821711497272043,0.7178288502727956
618,30,60,20,10,0.22532386793844192,0.774676132061558
619,30,60,20,20,0.22774592441052668,0.7722540755894733
620,30,60,20,30,0.2372565256549634,0.7627434743450365
621,30,60,20,40,0.25041132617792394,0.7495886738220761
622,30,60,20,50,0.2657089747508091,0.7342910252491909
623,30,60,20,60,0.28185525723855215,0.7181447427614478
624,30,60,30,10,0.2256550364148726,0.7743449635851274
625,30,60,30,20,0.22826268732196828,0.7717373126780317
626,30,60,30,30,0.23779257972880605,0.7622074202711939
627,30,60,30,40,0.2507974712871347,0.7492025287128653
628,30,60,30,50,0.26578551574310305,0.734214484256897
629,30,60,30,60,0.2815528686592312,0.7184471313407688
630,30,60,40,10,0.22709123403669937,0.7729087659633006
631,30,60,40,20,0.22973527118036505,0.7702647288196349
632,30,60,40,30,0.2396799907973175,0.7603200092026825
633,30,60,40,40,0.2524190665345014,0.7475809334654986
634,30,60,40,50,0.2667076699480386,0.7332923300519614
635,30,60,40,60,0.28180626682104526,0.7181937331789547
636,30,60,50,10,0.2311661504645207,0.7688338495354793
637,30,60,50,20,0.233939766139181,0.766060233860819
638,30,60,50,30,0.24385004107030261,0.7561499589296974
639,30,60,50,40,0.2562281269211085,0.7437718730788915
640,30,60,50,50,0.26972683960651833,0.7302731603934817
641,30,60,50,60,0.28390238002244184,0.7160976199775582
642,30,60,60,10,0.23674624105243744,0.7632537589475625
643,30,60,60,20,0.2393316706948212,0.7606683293051788
644,30,60,60,30,0.2489605232388926,0.7510394767611074
645,30,60,60,40,0.2607362462469143,0.7392637537530857
646,30,60,60,50,0.27328335302925133,0.7267166469707487
647,30,60,60,60,0.2864503990138982,0.7135496009861018
648,40,10,10,10,0.3650043122660035,0.6349956877339965
649,40,10,10,20,0.3863277901833267,0.6136722098166734
650,40,10,10,30,0.437484824846743,0.562515175153257
651,40,10,10,40,0.46529287967085986,0.5347071203291401
652,40,10,10,50,0.47900162105107014,0.5209983789489299
653,40,10,10,60,0.48474882470960157,0.5152511752903984
654,40,10,20,10,0.3680186769511959,0.6319813230488041
655,40,10,20,20,0.38685785142975276,0.6131421485702473
656,40,10,20,30,0.430167604221236,0.569832395778764
657,40,10,20,40,0.45553683421416297,0.544463165785837
658,40,10,20,50,0.4697854416295436,0.5302145583704564
659,40,10,20,60,0.4771167966501275,0.5228832033498725
660,40,10,30,10,0.3658209707201294,0.6341790292798706
661,40,10,30,20,0.3814845250942936,0.6185154749057065
662,40,10,30,30,0.4189741815511321,0.5810258184488679
663,40,10,30,40,0.44267621398532275,0.5573237860146772
664,40,10,30,50,0.45810743128491216,0.5418925687150878
665,40,10,30,60,0.46736903683444786,0.5326309631655521
666,40,10,40,10,0.3614461638440002,0.6385538361559998
667,40,10,40,20,0.3739231798486874,0.6260768201513126
668,40,10,40,30,0.4066293359262428,0.5933706640737573
669,40,10,40,40,0.42939335502289344,0.5706066449771066
670,40,10,40,50,0.4450446204261709,0.5549553795738291
671,40,10,40,60,0.45557175396803085,0.5444282460319692
672,40,10,50,10,0.3659057799770404,0.6340942200229596
673,40,10,50,20,0.3754364727196296,0.6245635272803705
674,40,10,50,30,0.4028015337855039,0.5971984662144961
675,40,10,50,40,0.4235734673157063,0.5764265326842937
676,40,10,50,50,0.4378192057985127,0.5621807942014874
677,40,10,50,60,0.44806981112946026,0.5519301888705397
678,40,10,60,10,0.36574833960329556,0.6342516603967044
679,40,10,60,20,0.37299115631284097,0.627008843687159
680,40,10,60,30,0.396257894001793,0.603742105998207
681,40,10,60,40,0.41544301247834503,0.584556987521655
682,40,10,60,50,0.42886312770624496,0.5711368722937551
683,40,10,60,60,0.43903364718481275,0.5609663528151873
684,40,20,10,10,0.35039720918842976,0.6496027908115702
685,40,20,10,20,0.35675084222738906,0.6432491577726109
686,40,20,10,30,0.3824662460840547,0.6175337539159453
687,40,20,10,40,0.404498582728098,0.595501417271902
688,40,20,10,50,0.42026501271854766,0.5797349872814523
689,40,20,10,60,0.4314979234084906,0.5685020765915094
690,40,20,20,10,0.34863451368847587,0.6513654863115241
691,40,20,20,20,0.35531371407581125,0.6446862859241888
692,40,20,20,30,0.37994152132073894,0.6200584786792611
693,40,20,20,40,0.40113042240517033,0.5988695775948296
694,40,20,20,50,0.4164462051653007,0.5835537948346994
695,40,20,20,60,0.4276569023505859,0.5723430976494142
696,40,20,30,10,0.34715257137404965,0.6528474286259504
697,40,20,30,20,0.3535133777732158,0.6464866222267842
698,40,20,30,30,0.3766276408561592,0.6233723591438408
699,40,20,30,40,0.39659084152933144,0.6034091584706686
700,40,20,30,50,0.41148040944846176,0.5885195905515382
701,40,20,30,60,0.422876178466561,0.577123821533439
702,40,20,40,10,0.34799911103128245,0.6520008889687176
703,40,20,40,20,0.35363830560213133,0.6463616943978687
704,40,20,40,30,0.3744452855674022,0.6255547144325978
705,40,20,40,40,0.39289331258647414,0.6071066874135258
706,40,20,40,50,0.4070612174340764,0.5929387825659236
707,40,20,40,60,0.4181232868237741,0.5818767131762259
708,40,20,50,10,0.3547772005904959,0.6452227994095041
709,40,20,50,20,0.3596033501834382,0.6403966498165619
710,40,20,50,30,0.3776974252270028,0.6223025747729972
711,40,20,50,40,0.39409267183253893,0.6059073281674611
712,40,20,50,50,0.40679531762564664,0.5932046823743533
713,40,20,50,60,0.41701145766611347,0.5829885423338865
714,40,20,60,10,0.35943237994507843,0.6405676200549215
715,40,20,60,20,0.36331305440972095,0.636686945590279
716,40,20,60,30,0.3789252740581425,0.6210747259418574
717,40,20,60,40,0.3934283742432844,0.6065716257567155
718,40,20,60,50,0.4047538074115912,0.5952461925884087
719,40,20,60,60,0.4142766196363319,0.5857233803636681
720,40,30,10,10,0.3195839681910869,0.6804160318089131
721,40,30,10,20,0.3225644787625767,0.6774355212374232
722,40,30,10,30,0.3372010515717761,0.662798948428224
723,40,30,10,40,0.35216305779632107,0.6478369422036789
724,40,30,10,50,0.3645862208641653,0.6354137791358347
725,40,30,10,60,0.37571660691518327,0.6242833930848167
726,40,30,20,10,0.31852580589646284,0.6814741941035372
727,40,30,20,20,0.3216659083370807,0.6783340916629192
728,40,30,20,30,0.33606932816781043,0.6639306718321896
729,40,30,20,40,0.3508184017900794,0.6491815982099206
730,40,30,20,50,0.36336350991825445,0.6366364900817456
731,40,30,20,60,0.37433829625833465,0.6256617037416654
732,40,30,30,10,0.31765232281026595,0.6823476771897341
733,40,30,30,20,0.3208460671396345,0.6791539328603655
734,40,30,30,30,0.334781944118922,0.6652180558810781
735,40,30,30,40,0.34907989307981346,0.6509201069201865
736,40,30,30,50,0.3613641338889748,0.6386358661110252
737,40,30,30,60,0.37222042421193197,0.627779575788068
738,40,30,40,10,0.31838842960584374,0.6816115703941563
739,40,30,40,20,0.3214767623809519,0.6785232376190481
740,40,30,40,30,0.33465637166958434,0.6653436283304157
741,40,30,40,40,0.34832762671196366,0.6516723732880363
742,40,30,40,50,0.3599830988520228,0.6400169011479773
743,40,30,40,60,0.3705134897045826,0.6294865102954175
744,40,30,50,10,0.3231359598816119,0.6768640401183881
745,40,30,50,20,0.32605335375739414,0.6739466462426058
746,40,30,50,30,0.3381958333238012,0.6618041666761988
747,40,30,50,40,0.35090015897746024,0.6490998410225397
748,40,30,50,50,0.3616234601034641,0.638376539896536
749,40,30,50,60,0.3715021651770023,0.6284978348229977
750,40,30,60,10,0.32795427338253846,0.6720457266174615
751,40,30,60,20,0.3305127692660619,0.6694872307339381
752,40,30,60,30,0.3415634819431603,0.6584365180568397
753,40,30,60,40,0.35313239197783824,0.6468676080221618
754,40,30,60,50,0.36284642982521303,0.637153570174787
755,40,30,60,60,0.3719838131419204,0.6280161868580796
756,40,40,10,10,0.2835152118467436,0.7164847881532563
757,40,40,10,20,0.28534436713345745,0.7146556328665425
758,40,40,10,30,0.29542014610747597,0.7045798538925241
759,40,40,10,40,0.30757816209221706,0.6924218379077829
760,40,40,10,50,0.3193127431975095,0.6806872568024904
761,40,40,10,60,0.33055051005123043,0.6694494899487695
762,40,40,20,10,0.28307063930142357,0.7169293606985765
763,40,40,20,20,0.2850174392457384,0.7149825607542616
764,40,40,20,30,0.29502736823618914,0.7049726317638109
765,40,40,20,40,0.3070646173817093,0.6929353826182907
766,40,40,20,50,0.31861636087150674,0.6813836391284933
767,40,40,20,60,0.32967432208645,0.67032567791355
768,40,40,30,10,0.28278774117168265,0.7172122588283174
769,40,40,30,20,0.28480309495721834,0.7151969050427817
770,40,40,30,30,0.29474735221580656,0.7052526477841934
771,40,40,30,40,0.3065556431771136,0.6934443568228864
772,40,40,30,50,0.31784080303741147,0.6821591969625885
773,40,40,30,60,0.32865930120732295,0.6713406987926771
774,40,40,40,10,0.2838703404250961,0.7161296595749038
775,40,40,40,20,0.28592580947479884,0.7140741905252012
776,40,40,40,30,0.29563229734593965,0.7043677026540603
777,40,40,40,40,0.30703207766421564,0.6929679223357843
778,40,40,40,50,0.3179013849232356,0.6820986150767644
779,40,40,40,60,0.32832660730286384,0.6716733926971361
780,40,40,50,10,0.2882557843597823,0.7117442156402177
781,40,40,50,20,0.29024354776115413,0.7097564522388459
782,40,40,50,30,0.2993861670380596,0.7006138329619405
783,40,40,50,40,0.31013199027359656,0.6898680097264034
784,40,40,50,50,0.3204030619809588,0.6795969380190412
785,40,40,50,60,0.3302259483492144,0.6697740516507855
786,40,40,60,10,0.2929483266797574,0.7070516733202425
787,40,40,60,20,0.2948206974690755,0.7051793025309245
788,40,40,60,30,0.30337691421964585,0.6966230857803541
789,40,40,60,40,0.313411154936003,0.686588845063997
790,40,40,60,50,0.32304825480808497,0.676951745191915
791,40,40,60,60,0.3322093998928711,0.6677906001071289
792,40,50,10,10,0.24947981300828354,0.7505201869917164
793,40,50,10,20,0.25101976685545097,0.748980233144549
794,40,50,10,30,0.25946972332881413,0.7405302766711859
795,40,50,10,40,0.2713536053202291,0.7286463946797709
796,40,50,10,50,0.2846487848493921,0.7153512151506078
797,40,50,10,60,0.2985074273532559,0.701492572646744
798,40,50,20,10,0.24935319955425492,0.750646800445745
799,40,50,20,20,0.25103930380454753,0.7489606961954525
800,40,50,20,30,0.25958159703697753,0.7404184029630225
801,40,50,20,40,0.27133261210102144,0.7286673878989786
802,40,50,20,50,0.2845304129158376,0.7154695870841624
803,40,50,20,60,0.2981182791462339,0.7018817208537661
804,40,50,30,10,0.24960751570665687,0.7503924842933432
805,40,50,30,20,0.25144507655441006,0.7485549234455899
806,40,50,30,30,0.25994963758432393,0.740050362415676
807,40,50,30,40,0.2714407276388328,0.7285592723611671
808,40,50,30,50,0.28430481599952695,0.715695184000473
809,40,50,30,60,0.29754608638777996,0.7024539136122201
810,40,50,40,10,0.2508484605775509,0.749151539422449
811,40,50,40,20,0.25284735752431775,0.7471526424756822
812,40,50,40,30,0.2614554762215611,0.7385445237784389
813,40,50,40,40,0.2727692490712435,0.7272307509287566
814,40,50,40,50,0.28502625775734153,0.7149737422426585
815,40,50,40,60,0.2976514123841744,0.7023485876158255
816,40,50,50,10,0.2550505809048501,0.7449494190951499
817,40,50,50,20,0.2570157437881073,0.7429842562118927
818,40,50,50,30,0.2655385983332964,0.7344614016667036
819,40,50,50,40,0.27636176941459256,0.7236382305854074
820,40,50,50,50,0.2878724520165467,0.7121275479834532
821,40,50,50,60,0.2996270685493359,0.7003729314506641
822,40,50,60,10,0.2602199754242933,0.7397800245757067
823,40,50,60,20,0.2621051438467472,0.7378948561532528
824,40,50,60,30,0.27022298247374177,0.7297770175262582
825,40,50,60,40,0.2804147726267472,0.7195852273732528
826,40,50,60,50,0.2911568412260614,0.7088431587739386
827,40,50,60,60,0.302123092519207,0.697876907480793
828,40,60,10,10,0.22803055514693646,0.7719694448530635
829,40,60,10,20,0.23022319734813199,0.769776802651868
830,40,60,10,30,0.23935881433069572,0.7606411856693043
831,40,60,10,40,0.251982757676713,0.7480172423232869
832,40,60,10,50,0.2670271930899911,0.7329728069100089
833,40,60,10,60,0.28306821191932113,0.7169317880806789
834,40,60,20,10,0.22779765936494017,0.7722023406350598
835,40,60,20,20,0.23011877558763374,0.7698812244123663
836,40,60,20,30,0.23933763632570143,0.7606623636742986
837,40,60,20,40,0.2519812258884399,0.74801877411156
838,40,60,20,50,0.2669279366504101,0.73307206334959
839,40,60,20,60,0.2826946057986885,0.7173053942013115
840,40,60,30,10,0.22793323781379551,0.7720667621862045
841,40,60,30,20,0.23046462119957242,0.7695353788004275
842,40,60,30,30,0.23968551246941358,0.7603144875305864
843,40,60,30,40,0.25224047467397537,0.7477595253260246
844,40,60,30,50,0.2669098857146653,0.7330901142853348
845,40,60,30,60,0.28233167033859197,0.717668329661408
846,40,60,40,10,0.22908153566982195,0.7709184643301781
847,40,60,40,20,0.231665195852635,0.768334804147365
848,40,60,40,30,0.2412610441854162,0.7587389558145838
849,40,60,40,40,0.25370782737325664,0.7462921726267433
850,40,60,40,50,0.2676985223364112,0.7323014776635888
851,40,60,40,60,0.28249837946103973,0.7175016205389603
852,40,60,50,10,0.2328029881255726,0.7671970118744273
853,40,60,50,20,0.23552192990071166,0.7644780700992884
854,40,60,50,30,0.24521623662077507,0.7547837633792249
855,40,60,50,40,0.2572916812436219,0.7427083187563781
856,40,60,50,50,0.2705196934795733,0.7294803065204267
857,40,60,50,60,0.2844734571663679,0.7155265428336322
858,40,60,60,10,0.23805670426650902,0.761943295733491
859,40,60,60,20,0.24061081074540971,0.7593891892545903
860,40,60,60,30,0.25004842298795477,0.7499515770120453
861,40,60,60,40,0.26157360758830145,0.7384263924116985
862,40,60,60,50,0.27393124642763766,0.7260687535723623
863,40,60,60,60,0.2869236087927346,0.7130763912072654
864,50,10,10,10,0.43911703444677275,0.5608829655532273
865,50,10,10,20,0.4507952728968362,0.5492047271031638
866,50,10,10,30,0.4847969373832127,0.5152030626167873
867,50,10,10,40,0.4986774442237585,0.5013225557762415
868,50,10,10,50,0.5021829270799296,0.4978170729200704
869,50,10,10,60,0.5005370533004803,0.49946294669951974
870,50,10,20,10,0.43020821281273064,0.5697917871872693
871,50,10,20,20,0.4419111793653784,0.5580888206346216
872,50,10,20,30,0.47204650590097463,0.5279534940990254
873,50,10,20,40,0.4856705632118092,0.5143294367881908
874,50,10,20,50,0.4912056020397269,0.5087943979602731
875,50,10,20,60,0.49188452701392676,0.5081154729860733
876,50,10,30,10,0.4162215307996485,0.5837784692003515
877,50,10,30,20,0.42693618297524477,0.5730638170247553
878,50,10,30,30,0.4545780966600113,0.5454219033399887
879,50,10,30,40,0.4689977785431456,0.5310022214568544
880,50,10,30,50,0.47720500047961095,0.5227949995203891
881,50,10,30,60,0.48062152955204873,0.5193784704479513
882,50,10,40,10,0.4006068407458503,0.5993931592541497
883,50,10,40,20,0.40974740366585727,0.5902525963341427
884,50,10,40,30,0.43545879352537065,0.5645412064746294
885,50,10,40,40,0.4513954937263492,0.5486045062736509
886,50,10,40,50,0.46137688093872764,0.5386231190612724
887,50,10,40,60,0.4670468834345043,0.5329531165654957
888,50,10,50,10,0.3958532976066766,0.6041467023933234
889,50,10,50,20,0.4030245302140178,0.5969754697859821
890,50,10,50,30,0.4256102113976609,0.574389788602339
891,50,10,50,40,0.44132860396087187,0.5586713960391281
892,50,10,50,50,0.4512024305469269,0.5487975694530731
893,50,10,50,60,0.45759195269517633,0.5424080473048236
894,50,10,60,10,0.3882145014636558,0.6117854985363442
895,50,10,60,20,0.39393161404609833,0.6060683859539017
896,50,10,60,30,0.41383984011304065,0.5861601598869594
897,50,10,60,40,0.42933290890027415,0.5706670910997258
898,50,10,60,50,0.4395056326153081,0.5604943673846918
899,50,10,60,60,0.4466665186309798,0.5533334813690203
900,50,20,10,10,0.37384740417804624,0.6261525958219538
901,50,20,10,20,0.378762805976378,0.621237194023622
902,50,20,10,30,0.4010378955143364,0.5989621044856637
903,50,20,10,40,0.4193392003461329,0.5806607996538671
904,50,20,10,50,0.43184653397572903,0.568153466024271
905,50,20,10,60,0.43993388892987423,0.5600661110701257
906,50,20,20,10,0.3702940622772671,0.629705937722733
907,50,20,20,20,0.3755461666324446,0.6244538333675553
908,50,20,20,30,0.3970699911558653,0.6029300088441347
909,50,20,20,40,0.41486710838485913,0.5851328916151408
910,50,20,20,50,0.42718506524412087,0.5728149347558791
911,50,20,20,60,0.4354619361243942,0.5645380638756058
912,50,20,30,10,0.3664493195308726,0.6335506804691273
913,50,20,30,20,0.3715769927913029,0.6284230072086971
914,50,20,30,30,0.39196616406325646,0.6080338359367435
915,50,20,30,40,0.4090053981586844,0.5909946018413156
916,50,20,30,50,0.4211369317129471,0.5788630682870529
917,50,20,30,60,0.42990903918412104,0.570090960815879
918,50,20,40,10,0.3643812526822798,0.6356187473177202
919,50,20,40,20,0.36904055696345417,0.6309594430365458
920,50,20,40,30,0.38761053842870785,0.6123894615712921
921,50,20,40,40,0.40362954792334693,0.5963704520766531
922,50,20,40,50,0.4154622227673537,0.5845377772326463
923,50,20,40,60,0.42425952477602497,0.575740475223975
924,50,20,50,10,0.3682410318578044,0.6317589681421956
925,50,20,50,20,0.3722736455178054,0.6277263544821946
926,50,20,50,30,0.3886481660528816,0.6113518339471185
927,50,20,50,40,0.4030871549936476,0.5969128450063523
928,50,20,50,50,0.41385457968973144,0.5861454203102685
929,50,20,50,60,0.4221318545054351,0.5778681454945649
930,50,20,60,10,0.3702254213897251,0.6297745786102749
931,50,20,60,20,0.37355751470217136,0.6264424852978286
932,50,20,60,30,0.3878233835663094,0.6121766164336906
933,50,20,60,40,0.4007340093563183,0.5992659906436817
934,50,20,60,50,0.4104799049700327,0.5895200950299673
935,50,20,60,60,0.41837388647839113,0.5816261135216089
936,50,30,10,10,0.3302255276174441,0.6697744723825558
937,50,30,10,20,0.33274300907326404,0.667256990926736
938,50,30,10,30,0.3462556356676281,0.6537443643323719
939,50,30,10,40,0.3598569281991598,0.6401430718008402
940,50,30,10,50,0.3709650949428163,0.6290349050571837
941,50,30,10,60,0.3806463813473966,0.6193536186526034
942,50,30,20,10,0.3286376780777137,0.6713623219222863
943,50,30,20,20,0.3313703774428732,0.6686296225571269
944,50,30,20,30,0.3446864135459541,0.6553135864540459
945,50,30,20,40,0.35814963699447355,0.6418503630055264
946,50,30,20,50,0.3694101624318547,0.6305898375681454
947,50,30,20,60,0.37900087303734814,0.6209991269626518
948,50,30,30,10,0.3270707899850721,0.6729292100149279
949,50,30,30,20,0.3298772476060984,0.6701227523939016
950,50,30,30,30,0.34283429724378367,0.6571657027562163
951,50,30,30,40,0.3559452370168094,0.6440547629831905
952,50,30,30,50,0.3670236726211034,0.6329763273788966
953,50,30,30,60,0.3766013316223678,0.6233986683776322
954,50,30,40,10,0.32689676769510195,0.673103232304898
955,50,30,40,20,0.32963044184859475,0.6703695581514053
956,50,30,40,30,0.3419495296831009,0.6580504703168991
957,50,30,40,40,0.35455156369090624,0.6454484363090938
958,50,30,40,50,0.36510958205296823,0.6348904179470318
959,50,30,40,60,0.37446053258190704,0.625539467418093
960,50,30,50,10,0.3305998413217579,0.6694001586782421
961,50,30,50,20,0.3332066228099198,0.6667933771900802
962,50,30,50,30,0.34458205719249735,0.6554179428075027
963,50,30,50,40,0.3563278912131878,0.6436721087868122
964,50,30,50,50,0.3660617455602084,0.6339382544397916
965,50,30,50,60,0.3748861481255176,0.6251138518744823
966,50,30,60,10,0.33429720540551017,0.6657027945944898
967,50,30,60,20,0.3365874919092611,0.6634125080907389
968,50,30,60,30,0.34698186508455003,0.65301813491545
969,50,30,60,40,0.3577118223678256,0.6422881776321744
970,50,30,60,50,0.36655588930519445,0.6334441106948056
971,50,30,60,60,0.3747660937986236,0.6252339062013764
972,50,40,10,10,0.28954852252346297,0.710451477476537
973,50,40,10,20,0.2911741636671573,0.7088258363328427
974,50,40,10,30,0.30070826474264567,0.6992917352573543
975,50,40,10,40,0.31212835362685887,0.6878716463731411
976,50,40,10,50,0.3230385992972502,0.6769614007027498
977,50,40,10,60,0.3333984438106055,0.6666015561893945
978,50,40,20,10,0.28884317460607517,0.7111568253939249
979,50,40,20,20,0.29058986313712176,0.7094101368628782
980,50,40,20,30,0.3000756357909776,0.6999243642090224
981,50,40,20,40,0.3114054760234298,0.6885945239765703
982,50,40,20,50,0.32216169802293787,0.6778383019770622
983,50,40,20,60,0.33238097585761134,0.6676190241423887
984,50,40,30,10,0.28820283903806626,0.7117971609619338
985,50,40,30,20,0.2900448359403387,0.7099551640596613
986,50,40,30,30,0.2994802419224077,0.7005197580775924
987,50,40,30,40,0.31059452508834545,0.6894054749116545
988,50,40,30,50,0.3211388682416043,0.6788611317583957
989,50,40,30,60,0.33117312680554034,0.6688268731944597
990,50,40,40,10,0.2888201519362438,0.7111798480637562
991,50,40,40,20,0.2906965334165143,0.7093034665834856
992,50,40,40,30,0.2999149338063621,0.700085066193638
993,50,40,40,40,0.31068101045305624,0.6893189895469438
994,50,40,40,50,0.3208816140813093,0.6791183859186907
995,50,40,40,60,0.3305651103125603,0.6694348896874397
996,50,40,50,10,0.2926570683795653,0.7073429316204347
997,50,40,50,20,0.2944680141736937,0.7055319858263063
998,50,40,50,30,0.3031720441899203,0.6968279558100797
999,50,40,50,40,0.3133353774934654,0.6866646225065346
1000,50,40,50,50,0.3229903337689776,0.6770096662310223
1001,50,40,50,60,0.3321446330614587,0.6678553669385413
1002,50,40,60,10,0.2967534681730417,0.7032465318269583
1003,50,40,60,20,0.2984644631346405,0.7015355368653595
1004,50,40,60,30,0.3066193428750765,0.6933806571249235
1005,50,40,60,40,0.3161382257361255,0.6838617742638745
1006,50,40,60,50,0.3252093360607583,0.6747906639392417
1007,50,40,60,60,0.3337629232356128,0.6662370767643873
1008,50,50,10,10,0.2555809037556523,0.7444190962443478
1009,50,50,10,20,0.25694351325542414,0.7430564867445759
1010,50,50,10,30,0.26491155003344985,0.7350884499665502
1011,50,50,10,40,0.2761180908738635,0.7238819091261365
1012,50,50,10,50,0.28863978761193027,0.7113602123880698
1013,50,50,10,60,0.30165272018945566,0.6983472798105443
1014,50,50,20,10,0.2552319614197996,0.7447680385802005
1015,50,50,20,20,0.2567484522060359,0.7432515477939641
1016,50,50,20,30,0.26482215410838156,0.7351778458916185
1017,50,50,20,40,0.2759054961442721,0.7240945038557278
1018,50,50,20,50,0.2883488124178702,0.7116511875821299
1019,50,50,20,60,0.30112371019106393,0.698876289808936
1020,50,50,30,10,0.2551805496318021,0.744819450368198
1021,50,50,30,20,0.25684683210329473,0.7431531678967053
1022,50,50,30,30,0.2648953230493879,0.7351046769506121
1023,50,50,30,40,0.27575545683518876,0.7242445431648112
1024,50,50,30,50,0.28790643179764164,0.7120935682023584
1025,50,50,30,60,0.30037394804483963,0.6996260519551604
1026,50,50,40,10,0.25599135308603027,0.7440086469139697
1027,50,50,40,20,0.257828359140824,0.742171640859176
1028,50,50,40,30,0.2660105627170525,0.7339894372829475
1029,50,50,40,40,0.2767214928283825,0.7232785071716175
1030,50,50,40,50,0.2883401580779652,0.7116598419220348
1031,50,50,40,60,0.3002326508100394,0.6997673491899605
1032,50,50,50,10,0.2596848949598004,0.7403151050401996
1033,50,50,50,20,0.26149748670382267,0.7385025132961773
1034,50,50,50,30,0.26962417355247886,0.7303758264475211
1035,50,50,50,40,0.2799166818293812,0.7200833181706188
1036,50,50,50,50,0.2908414303837146,0.7091585696162854
1037,50,50,50,60,0.30192361310119026,0.6980763868988098
1038,50,50,60,10,0.26434217043105734,0.7356578295689427
1039,50,50,60,20,0.2660780624826794,0.7339219375173206
1040,50,50,60,30,0.27384251142682475,0.7261574885731752
1041,50,50,60,40,0.28356417337816947,0.7164358266218305
1042,50,50,60,50,0.2937725455997617,0.7062274544002383
1043,50,50,60,60,0.30413182367323144,0.6958681763267686
1044,50,60,10,10,0.23577324419604445,0.7642267558039555
1045,50,60,10,20,0.23780477576180103,0.762195224238199
1046,50,60,10,30,0.2466691535257911,0.7533308464742089
1047,50,60,10,40,0.2588592505111718,0.7411407494888282
1048,50,60,10,50,0.2732659035333097,0.7267340964666903
1049,50,60,10,60,0.2885503123165327,0.7114496876834673
1050,50,60,20,10,0.23539685889439402,0.764603141105606
1051,50,60,20,20,0.23758852809340195,0.7624114719065981
1052,50,60,20,30,0.24647694337618853,0.7535230566238115
1053,50,60,20,40,0.25866599627807607,0.7413340037219239
1054,50,60,20,50,0.272985248801638,0.727014751198362
1055,50,60,20,60,0.288006678934524,0.7119933210654761
1056,50,60,30,10,0.23532363947488832,0.7646763605251117
1057,50,60,30,20,0.23770400857035193,0.7622959914296481
1058,50,60,30,30,0.24660238428294315,0.7533976157170569
1059,50,60,30,40,0.2586871326745604,0.7413128673254397
1060,50,60,30,50,0.27272335806607256,0.7272766419339274
1061,50,60,30,60,0.2873993020513685,0.7126006979486315
1062,50,60,40,10,0.23617873884972643,0.7638212611502736
1063,50,60,40,20,0.23860465672157347,0.7613953432784265
1064,50,60,40,30,0.2478923160460003,0.7521076839539997
1065,50,60,40,40,0.2598028818680333,0.7401971181319666
1066,50,60,40,50,0.2731653866100963,0.7268346133899037
1067,50,60,40,60,0.2872382535862167,0.7127617464137833
1068,50,60,50,10,0.23948624895490495,0.760513751045095
1069,50,60,50,20,0.24205813194812106,0.7579418680518789
1070,50,60,50,30,0.25137244427672883,0.7486275557232711
1071,50,60,50,40,0.26296560257945717,0.7370343974205429
1072,50,60,50,50,0.2755925737216194,0.7244074262783806
1073,50,60,50,60,0.2888192360220063,0.7111807639779937
1074,50,60,60,10,0.24424034175256784,0.7557596582474322
1075,50,60,60,20,0.2466309567538424,0.7533690432461576
1076,50,60,60,30,0.2557135968076081,0.7442864031923919
1077,50,60,60,40,0.26675623249792946,0.7332437675020705
1078,50,60,60,50,0.2785074081990137,0.7214925918009862
1079,50,60,60,60,0.29080354870152825,0.7091964512984718
1080,60,10,10,10,0.5146972262059135,0.4853027737940865
1081,60,10,10,20,0.5189248481510145,0.4810751518489855
1082,60,10,10,30,0.5374725890212307,0.46252741097876926
1083,60,10,10,40,0.537714939760827,0.46228506023917304
1084,60,10,10,50,0.5317029721072457,0.4682970278927543
1085,60,10,10,60,0.522214991413923,0.477785008586077
1086,60,10,20,10,0.49680322947937694,0.5031967705206231
1087,60,10,20,20,0.502207876742503,0.497792123257497
1088,60,10,20,30,0.5198317529679799,0.4801682470320201
1089,60,10,20,40,0.5219527019504424,0.4780472980495576
1090,60,10,20,50,0.5188776723709428,0.48112232762905716
1091,60,10,20,60,0.5124070147132844,0.4875929852867156
1092,60,10,30,10,0.472670664953275,0.527329335046725
1093,60,10,30,20,0.47863175565662486,0.5213682443433751
1094,60,10,30,30,0.496549353328056,0.503450646671944
1095,60,10,30,40,0.5017879073140058,0.4982120926859942
1096,60,10,30,50,0.5024852811597965,0.4975147188402035
1097,60,10,30,60,0.4997340259229953,0.5002659740770047
1098,60,10,40,10,0.44687026005226727,0.5531297399477327
1099,60,10,40,20,0.4526323754039536,0.5473676245960464
1100,60,10,40,30,0.47121590260098417,0.5287840973990159
1101,60,10,40,40,0.47994816842548366,0.5200518315745164
1102,60,10,40,50,0.48385007486529696,0.516149925134703
1103,60,10,40,60,0.4846053578204492,0.5153946421795508
1104,60,10,50,10,0.433078379103067,0.566921620896933
1105,60,10,50,20,0.43788075073106314,0.5621192492689369
1106,60,10,50,30,0.4553307445188438,0.5446692554811562
1107,60,10,50,40,0.46566695591984536,0.5343330440801546
1108,60,10,50,50,0.4709357313249418,0.5290642686750582
1109,60,10,50,60,0.47331738084241015,0.5266826191575898
1110,60,10,60,10,0.4178852287819711,0.5821147712180289
1111,60,10,60,20,0.4220337493543759,0.5779662506456241
1112,60,10,60,30,0.4383910866093734,0.5616089133906266
1113,60,10,60,40,0.4500210073693741,0.5499789926306259
1114,60,10,60,50,0.4566475412989792,0.5433524587010208
1115,60,10,60,60,0.46058336907635505,0.539416630923645
1116,60,20,10,10,0.4030572890897318,0.5969427109102682
1117,60,20,10,20,0.40646205896467,0.59353794103533
1118,60,20,10,30,0.4250948378895114,0.5749051621104886
1119,60,20,10,40,0.43955867653767244,0.5604413234623276
1120,60,20,10,50,0.44857901949427176,0.5514209805057282
1121,60,20,10,60,0.45360607041072987,0.5463939295892701
1122,60,20,20,10,0.3976595449483011,0.6023404550516989
1123,60,20,20,20,0.4015281037543737,0.5984718962456264
1124,60,20,20,30,0.41984010735086874,0.5801598926491313
1125,60,20,20,40,0.4341947308176096,0.5658052691823904
1126,60,20,20,50,0.44328154950431414,0.5567184504956859
1127,60,20,20,60,0.44873690953961753,0.5512630904603825
1128,60,20,30,10,0.3914639365483673,0.6085360634516327
1129,60,20,30,20,0.3954011712121419,0.6045988287878581
1130,60,20,30,30,0.41311833206636767,0.5868816679336324
1131,60,20,30,40,0.42715485266228104,0.572845147337719
1132,60,20,30,50,0.43640243375677396,0.563597566243226
1133,60,20,30,60,0.4425998991475413,0.5574001008524587
1134,60,20,40,10,0.38652363069291834,0.6134763693070817
1135,60,20,40,20,0.3902243101230706,0.6097756898769294
1136,60,20,40,30,0.4067472871664871,0.5932527128335129
1137,60,20,40,40,0.4202438349398478,0.5797561650601522
1138,60,20,40,50,0.42958732118111953,0.5704126788188805
1139,60,20,40,60,0.4361396483366242,0.5638603516633758
1140,60,20,50,10,0.38757726797112324,0.6124227320288768
1141,60,20,50,20,0.39090134837372814,0.6090986516262719
1142,60,20,50,30,0.4056107027495886,0.5943892972504115
1143,60,20,50,40,0.41793653960682703,0.5820634603931729
1144,60,20,50,50,0.4266372041753181,0.5733627958246819
1145,60,20,50,60,0.43303126762214617,0.5669687323778538
1146,60,20,60,10,0.386815185345524,0.613184814654476
1147,60,20,60,20,0.38962765548686246,0.6103723445131375
1148,60,20,60,30,0.40256279620076846,0.5974372037992315
1149,60,20,60,40,0.41381236680847294,0.586187633191527
1150,60,20,60,50,0.421904760227758,0.578095239772242
1151,60,20,60,60,0.42822582113343277,0.5717741788665672
1152,60,30,10,10,0.3440561475692192,0.6559438524307808
1153,60,30,10,20,0.3461582212199404,0.6538417787800597
1154,60,30,10,30,0.3587105330616454,0.6412894669383546
1155,60,30,10,40,0.37108397968246193,0.6289160203175381
1156,60,30,10,50,0.38100301999955877,0.6189969800004412
1157,60,30,10,60,0.3894927228840928,0.6105072771159072
1158,60,30,20,10,0.34194434159771203,0.658055658402288
1159,60,30,20,20,0.3442864442774667,0.6557135557225333
1160,60,30,20,30,0.3567086829859042,0.6432913170140958
1161,60,30,20,40,0.36902621571611627,0.6309737842838837
1162,60,30,20,50,0.37914569479755095,0.6208543052024491
1163,60,30,20,60,0.387587082029368,0.612412917970632
1164,60,30,30,10,0.33970219916967104,0.660297800830329
1165,60,30,30,20,0.34215089692723094,0.6578491030727691
1166,60,30,30,30,0.35429981450347503,0.645700185496525
1167,60,30,30,40,0.36634002809000077,0.6336599719099992
1168,60,30,30,50,0.3763498820242955,0.6236501179757046
1169,60,30,30,60,0.3848464927957931,0.6151535072042069
1170,60,30,40,10,0.33864921544496196,0.661350784555038
1171,60,30,40,20,0.34106578148944255,0.6589342185105574
1172,60,30,40,30,0.35263886824175866,0.6473611317582413
1173,60,30,40,40,0.3642573754481017,0.6357426245518982
1174,60,30,40,50,0.3738656990806507,0.6261343009193493
1175,60,30,40,60,0.3822469910880673,0.6177530089119327
1176,60,30,50,10,0.34132730919310006,0.6586726908068999
1177,60,30,50,20,0.3436559963801043,0.6563440036198958
1178,60,30,50,30,0.3543781962209744,0.6456218037790256
1179,60,30,50,40,0.3652790282651445,0.6347209717348554
1180,60,30,50,50,0.3741761452729842,0.6258238547270158
1181,60,30,50,60,0.38215403933133896,0.617845960668661
1182,60,30,60,10,0.3439400172191309,0.6560599827808691
1183,60,30,60,20,0.34599872867752285,0.6540012713224772
1184,60,30,60,30,0.355864730955484,0.644135269044516
1185,60,30,60,40,0.3658683120177977,0.6341316879822023
1186,60,30,60,50,0.3740084997085383,0.6259915002914618
1187,60,30,60,60,0.3814757979460114,0.6185242020539886
1188,60,40,10,10,0.2973052918626101,0.7026947081373899
1189,60,40,10,20,0.2987711888106472,0.7012288111893528
1190,60,40,10,30,0.30791381821740044,0.6920861817825996
1191,60,40,10,40,0.3188296273049272,0.6811703726950729
1192,60,40,10,50,0.3292431118105487,0.6707568881894512
1193,60,40,10,60,0.339085002178298,0.6609149978217019
1194,60,40,20,10,0.29639038261765394,0.7036096173823461
1195,60,40,20,20,0.2979847525223845,0.7020152474776156
1196,60,40,20,30,0.3071035228821927,0.6928964771178072
1197,60,40,20,40,0.3179486211145026,0.6820513788854974
1198,60,40,20,50,0.328224414582258,0.6717755854177421
1199,60,40,20,60,0.3379373519379605,0.6620626480620395
1200,60,40,30,10,0.2954848751057374,0.7045151248942626
1201,60,40,30,20,0.2971879600517803,0.7028120399482197
1202,60,40,30,30,0.3062649570590449,0.6937350429409551
1203,60,40,30,40,0.3169138327878157,0.6830861672121843
1204,60,40,30,50,0.32701075372383287,0.6729892462761671
1205,60,40,30,60,0.336562850399713,0.663437149600287
1206,60,40,40,10,0.2957699327075177,0.7042300672924823
1207,60,40,40,20,0.29751541220789085,0.7024845877921091
1208,60,40,40,30,0.306379250635977,0.693620749364023
1209,60,40,40,40,0.31672062101105547,0.6832793789889445
1210,60,40,40,50,0.3264948114624208,0.6735051885375791
1211,60,40,40,60,0.3357461921674166,0.6642538078325835
1212,60,40,50,10,0.29917582664651166,0.7008241733534883
1213,60,40,50,20,0.30086205169159363,0.6991379483084064
1214,60,40,50,30,0.30925444194761864,0.6907455580523814
1215,60,40,50,40,0.319024834803976,0.6809751651960241
1216,60,40,50,50,0.32830276756479915,0.6716972324352009
1217,60,40,50,60,0.33704649819273214,0.6629535018072679
1218,60,40,60,10,0.30277665882257504,0.6972233411774249
1219,60,40,60,20,0.30437821857230635,0.6956217814276937
1220,60,40,60,30,0.3122601952673369,0.687739804732663
1221,60,40,60,40,0.32142908489457983,0.6785709151054202
1222,60,40,60,50,0.3301631082181232,0.6698368917818768
1223,60,40,60,60,0.33834717469052056,0.6616528253094794
1224,60,50,10,10,0.26161433377785126,0.7383856662221487
1225,60,50,10,20,0.26288414489940526,0.7371158551005947
1226,60,50,10,30,0.270596235460026,0.729403764539974
1227,60,50,10,40,0.2814504685307275,0.7185495314692725
1228,60,50,10,50,0.2936341616515973,0.7063658383484027
1229,60,50,10,60,0.306267956639343,0.6937320433606571
1230,60,50,20,10,0.26111946532914726,0.7388805346708527
1231,60,50,20,20,0.26254742891398997,0.73745257108601
1232,60,50,20,30,0.27037501159777866,0.7296249884022213
1233,60,50,20,40,0.28113403184202057,0.7188659681579794
1234,60,50,20,50,0.2932445360956559,0.7067554639043441
1235,60,50,20,60,0.30565011787267915,0.6943498821273208
1236,60,50,30,10,0.2608767853075907,0.7391232146924094
1237,60,50,30,20,0.26245254901359627,0.7375474509864037
1238,60,50,30,30,0.27027297139873163,0.7297270286012684
1239,60,50,30,40,0.2808321407187543,0.7191678592812457
1240,60,50,30,50,0.2926738987413227,0.7073261012586773
1241,60,50,30,60,0.30477423012408683,0.6952257698759132
1242,60,50,40,10,0.2614118549845219,0.7385881450154781
1243,60,50,40,20,0.2631651498957228,0.7368348501042772
1244,60,50,40,30,0.2711441946785643,0.7288558053214357
1245,60,50,40,40,0.28159201440116544,0.7184079855988346
1246,60,50,40,50,0.2929074764968609,0.7070925235031391
1247,60,50,40,60,0.30444513030874376,0.6955548696912562
1248,60,50,50,10,0.2648164546284093,0.7351835453715907
1249,60,50,50,20,0.26655785112612923,0.7334421488738707
1250,60,50,50,30,0.2745054450845866,0.7254945549154135
1251,60,50,50,40,0.284517853620391,0.715482146379609
1252,60,50,50,50,0.2951717949843689,0.7048282050156311
1253,60,50,50,60,0.30594012502512014,0.6940598749748799
1254,60,50,60,10,0.26917775700990537,0.7308222429900946
1255,60,50,60,20,0.27084485455002794,0.7291551454499721
1256,60,50,60,30,0.27843402576845516,0.7215659742315448
1257,60,50,60,40,0.28789829118642507,0.7121017088135749
1258,60,50,60,50,0.29786130323584975,0.7021386967641503
1259,60,50,60,60,0.30792782671046126,0.6920721732895387
1260,60,60,10,10,0.24275756645603602,0.757242433543964
1261,60,60,10,20,0.24465715034662386,0.7553428496533762
1262,60,60,10,30,0.2532406170537471,0.7467593829462529
1263,60,60,10,40,0.26502698423717175,0.7349730157628283
1264,60,60,10,50,0.27898232074038154,0.7210176792596185
1265,60,60,10,60,0.2938076858557697,0.7061923141442303
1266,60,60,20,10,0.24220101179660275,0.7577989882033973
1267,60,60,20,20,0.24426181304048572,0.7557381869595143
1268,60,60,20,30,0.2528590069616653,0.7471409930383347
1269,60,60,20,40,0.26467855033691623,0.7353214496630838
1270,60,60,20,50,0.2785712820331868,0.7214287179668132
1271,60,60,20,60,0.2931533599730691,0.7068466400269309
1272,60,60,30,10,0.2418703136033849,0.7581296863966152
1273,60,60,30,20,0.2441402545057966,0.7558597454942034
1274,60,60,30,30,0.25277595342875775,0.7472240465712423
1275,60,60,30,40,0.2644889138008333,0.7355110861991667
1276,60,60,30,50,0.2781271400915919,0.7218728599084081
1277,60,60,30,60,0.2923805749328523,0.7076194250671477
1278,60,60,40,10,0.24239903210875297,0.757600967891247
1279,60,60,40,20,0.24471382250622462,0.7552861774937754
1280,60,60,40,30,0.25377746052790134,0.7462225394720987
1281,60,60,40,40,0.2653160456560297,0.7346839543439703
1282,60,60,40,50,0.27832510695133694,0.7216748930486631
1283,60,60,40,60,0.29202032798521643,0.7079796720147835
1284,60,60,50,10,0.2453436034273097,0.7546563965726902
1285,60,60,50,20,0.24781193144444738,0.7521880685555526
1286,60,60,50,30,0.2568960117134604,0.7431039882865396
1287,60,60,50,40,0.26818754360057,0.7318124563994299
1288,60,60,50,50,0.28049426080910783,0.7195057391908921
1289,60,60,50,60,0.2933543552416334,0.7066456447583667
1290,60,60,60,10,0.24969620703761375,0.7503037929623863
1291,60,60,60,20,0.2519912678407685,0.7480087321592315
1292,60,60,60,30,0.26086997585766275,0.7391300241423373
1293,60,60,60,40,0.27161962518108296,0.728380374818917
1294,60,60,60,50,0.28308573160765005,0.71691426839235
1295,60,60,60,60,0.2950489037003063,0.7049510962996937
